"","gene_name","GeneOntologyIDs","Term","Annotated","Significant","Expected","Fisher","ontology","mirna","Target","Score","Energy_kcal_mol","Query_start_end","Subject_start_end","Length","Query_Identity","Subject_Identity","prop.sig.genes"
"1","Pocillopora_meandrina_HIv1___RNAseq.g7541.t1","GO:0000722","telomere maintenance via recombination",37,1,0.04,0.00237,"Biological Processes","ptuh-mir-2036","ID=Pocillopora_meandrina_HIv1___RNAseq.g7541.t1::Pocillopora_meandrina_HIv1___Sc0000002:13591696-13592696",170,-21.29,"2 20","62 84",19,"78.95%","89.47%",0.027027027027027
"2","Pocillopora_meandrina_HIv1___RNAseq.g7541.t1","GO:0000729","DNA double-strand break processing",39,1,0.04,0.0025,"Biological Processes","ptuh-mir-2036","ID=Pocillopora_meandrina_HIv1___RNAseq.g7541.t1::Pocillopora_meandrina_HIv1___Sc0000002:13591696-13592696",170,-21.29,"2 20","62 84",19,"78.95%","89.47%",0.0256410256410256
"3","Pocillopora_meandrina_HIv1___RNAseq.g7541.t1","GO:0007004","telomere maintenance via telomerase",47,1,0.05,0.00301,"Biological Processes","ptuh-mir-2036","ID=Pocillopora_meandrina_HIv1___RNAseq.g7541.t1::Pocillopora_meandrina_HIv1___Sc0000002:13591696-13592696",170,-21.29,"2 20","62 84",19,"78.95%","89.47%",0.0212765957446809
"4","Pocillopora_meandrina_HIv1___RNAseq.g7541.t1","GO:0032508","DNA duplex unwinding",77,1,0.08,0.00493,"Biological Processes","ptuh-mir-2036","ID=Pocillopora_meandrina_HIv1___RNAseq.g7541.t1::Pocillopora_meandrina_HIv1___Sc0000002:13591696-13592696",170,-21.29,"2 20","62 84",19,"78.95%","89.47%",0.012987012987013
"5","Pocillopora_meandrina_HIv1___RNAseq.g7541.t1","GO:0051310","metaphase plate congression",45,1,0.05,0.00289,"Biological Processes","ptuh-mir-2036","ID=Pocillopora_meandrina_HIv1___RNAseq.g7541.t1::Pocillopora_meandrina_HIv1___Sc0000002:13591696-13592696",170,-21.29,"2 20","62 84",19,"78.95%","89.47%",0.0222222222222222
"6","Pocillopora_meandrina_HIv1___RNAseq.g7541.t1","GO:0062176","R-loop processing",11,1,0.01,0.00071,"Biological Processes","ptuh-mir-2036","ID=Pocillopora_meandrina_HIv1___RNAseq.g7541.t1::Pocillopora_meandrina_HIv1___Sc0000002:13591696-13592696",170,-21.29,"2 20","62 84",19,"78.95%","89.47%",0.0909090909090909
"7","Pocillopora_meandrina_HIv1___RNAseq.g7541.t1","GO:0070192","chromosome organization involved in meiotic cell cy...",52,1,0.05,0.00333,"Biological Processes","ptuh-mir-2036","ID=Pocillopora_meandrina_HIv1___RNAseq.g7541.t1::Pocillopora_meandrina_HIv1___Sc0000002:13591696-13592696",170,-21.29,"2 20","62 84",19,"78.95%","89.47%",0.0192307692307692
"8","Pocillopora_meandrina_HIv1___RNAseq.g7541.t1","GO:0110025","DNA strand resection involved in replication fork p...",5,1,0.01,0.00032,"Biological Processes","ptuh-mir-2036","ID=Pocillopora_meandrina_HIv1___RNAseq.g7541.t1::Pocillopora_meandrina_HIv1___Sc0000002:13591696-13592696",170,-21.29,"2 20","62 84",19,"78.95%","89.47%",0.2
"9","Pocillopora_meandrina_HIv1___RNAseq.g14655.t1","GO:0001932","regulation of protein phosphorylation",509,4,0.53,2.9e-08,"Biological Processes","ptuh-mir-2036","ID=Pocillopora_meandrina_HIv1___RNAseq.g14655.t1::Pocillopora_meandrina_HIv1___Sc0000024:1375661-1376661",156,-20.96,"2 21","829 851",21,"76.19%","80.95%",0.00785854616895874
"10","Pocillopora_meandrina_HIv1___RNAseq.g14655.t1","GO:0007156","homophilic cell adhesion via plasma membrane adhesi...",280,5,0.29,6.7e-12,"Biological Processes","ptuh-mir-2036","ID=Pocillopora_meandrina_HIv1___RNAseq.g14655.t1::Pocillopora_meandrina_HIv1___Sc0000024:1375661-1376661",156,-20.96,"2 21","829 851",21,"76.19%","80.95%",0.0178571428571429
"11","Pocillopora_meandrina_HIv1___RNAseq.g14655.t1","GO:0007413","axonal fasciculation",49,4,0.05,2.3e-12,"Biological Processes","ptuh-mir-2036","ID=Pocillopora_meandrina_HIv1___RNAseq.g14655.t1::Pocillopora_meandrina_HIv1___Sc0000024:1375661-1376661",156,-20.96,"2 21","829 851",21,"76.19%","80.95%",0.0816326530612245
"12","Pocillopora_meandrina_HIv1___RNAseq.g14655.t1","GO:0032880","regulation of protein localization",595,5,0.62,6.1e-11,"Biological Processes","ptuh-mir-2036","ID=Pocillopora_meandrina_HIv1___RNAseq.g14655.t1::Pocillopora_meandrina_HIv1___Sc0000024:1375661-1376661",156,-20.96,"2 21","829 851",21,"76.19%","80.95%",0.00840336134453781
"13","Pocillopora_meandrina_HIv1___RNAseq.g14655.t1","GO:0036514","dopaminergic neuron axon guidance",22,4,0.02,7.8e-14,"Biological Processes","ptuh-mir-2036","ID=Pocillopora_meandrina_HIv1___RNAseq.g14655.t1::Pocillopora_meandrina_HIv1___Sc0000024:1375661-1376661",156,-20.96,"2 21","829 851",21,"76.19%","80.95%",0.181818181818182
"14","Pocillopora_meandrina_HIv1___RNAseq.g14655.t1","GO:0036515","serotonergic neuron axon guidance",19,4,0.02,4.1e-14,"Biological Processes","ptuh-mir-2036","ID=Pocillopora_meandrina_HIv1___RNAseq.g14655.t1::Pocillopora_meandrina_HIv1___Sc0000024:1375661-1376661",156,-20.96,"2 21","829 851",21,"76.19%","80.95%",0.210526315789474
"15","Pocillopora_meandrina_HIv1___RNAseq.g14655.t1","GO:0060071","Wnt signaling pathway, planar cell polarity pathway",89,5,0.09,2e-14,"Biological Processes","ptuh-mir-2036","ID=Pocillopora_meandrina_HIv1___RNAseq.g14655.t1::Pocillopora_meandrina_HIv1___Sc0000024:1375661-1376661",156,-20.96,"2 21","829 851",21,"76.19%","80.95%",0.0561797752808989
"16","Pocillopora_meandrina_HIv1___RNAseq.g14655.t1","GO:0060271","cilium assembly",435,4,0.45,1.5e-08,"Biological Processes","ptuh-mir-2036","ID=Pocillopora_meandrina_HIv1___RNAseq.g14655.t1::Pocillopora_meandrina_HIv1___Sc0000024:1375661-1376661",156,-20.96,"2 21","829 851",21,"76.19%","80.95%",0.00919540229885057
"17","Pocillopora_meandrina_HIv1___RNAseq.g14655.t1","GO:0097475","motor neuron migration",35,4,0.04,5.6e-13,"Biological Processes","ptuh-mir-2036","ID=Pocillopora_meandrina_HIv1___RNAseq.g14655.t1::Pocillopora_meandrina_HIv1___Sc0000024:1375661-1376661",156,-20.96,"2 21","829 851",21,"76.19%","80.95%",0.114285714285714
"18","Pocillopora_meandrina_HIv1___RNAseq.g14641.t1","GO:0001764","neuron migration",179,5,0.19,0.00659,"Biological Processes","ptuh-mir-2036","ID=Pocillopora_meandrina_HIv1___RNAseq.g14641.t1::Pocillopora_meandrina_HIv1___Sc0000024:865130-866130",156,-20.96,"2 21","829 851",21,"76.19%","80.95%",0.0279329608938547
"19","Pocillopora_meandrina_HIv1___RNAseq.g14641.t1","GO:0001843","neural tube closure",81,1,0.08,0.00519,"Biological Processes","ptuh-mir-2036","ID=Pocillopora_meandrina_HIv1___RNAseq.g14641.t1::Pocillopora_meandrina_HIv1___Sc0000024:865130-866130",156,-20.96,"2 21","829 851",21,"76.19%","80.95%",0.0123456790123457
"20","Pocillopora_meandrina_HIv1___RNAseq.g14641.t1","GO:0007156","homophilic cell adhesion via plasma membrane adhesi...",280,5,0.29,6.7e-12,"Biological Processes","ptuh-mir-2036","ID=Pocillopora_meandrina_HIv1___RNAseq.g14641.t1::Pocillopora_meandrina_HIv1___Sc0000024:865130-866130",156,-20.96,"2 21","829 851",21,"76.19%","80.95%",0.0178571428571429
"21","Pocillopora_meandrina_HIv1___RNAseq.g14641.t1","GO:0007266","Rho protein signal transduction",89,1,0.09,0.0057,"Biological Processes","ptuh-mir-2036","ID=Pocillopora_meandrina_HIv1___RNAseq.g14641.t1::Pocillopora_meandrina_HIv1___Sc0000024:865130-866130",156,-20.96,"2 21","829 851",21,"76.19%","80.95%",0.0112359550561798
"22","Pocillopora_meandrina_HIv1___RNAseq.g14641.t1","GO:0032956","regulation of actin cytoskeleton organization",206,1,0.22,0.01315,"Biological Processes","ptuh-mir-2036","ID=Pocillopora_meandrina_HIv1___RNAseq.g14641.t1::Pocillopora_meandrina_HIv1___Sc0000024:865130-866130",156,-20.96,"2 21","829 851",21,"76.19%","80.95%",0.00485436893203883
"23","Pocillopora_meandrina_HIv1___RNAseq.g14641.t1","GO:0042249","establishment of planar polarity of embryonic epith...",32,1,0.03,0.00205,"Biological Processes","ptuh-mir-2036","ID=Pocillopora_meandrina_HIv1___RNAseq.g14641.t1::Pocillopora_meandrina_HIv1___Sc0000024:865130-866130",156,-20.96,"2 21","829 851",21,"76.19%","80.95%",0.03125
"24","Pocillopora_meandrina_HIv1___RNAseq.g14641.t1","GO:0045176","apical protein localization",21,1,0.02,0.00135,"Biological Processes","ptuh-mir-2036","ID=Pocillopora_meandrina_HIv1___RNAseq.g14641.t1::Pocillopora_meandrina_HIv1___Sc0000024:865130-866130",156,-20.96,"2 21","829 851",21,"76.19%","80.95%",0.0476190476190476
"25","Pocillopora_meandrina_HIv1___RNAseq.g14641.t1","GO:0048105","establishment of body hair planar orientation",13,1,0.01,0.00083,"Biological Processes","ptuh-mir-2036","ID=Pocillopora_meandrina_HIv1___RNAseq.g14641.t1::Pocillopora_meandrina_HIv1___Sc0000024:865130-866130",156,-20.96,"2 21","829 851",21,"76.19%","80.95%",0.0769230769230769
"26","Pocillopora_meandrina_HIv1___RNAseq.g14641.t1","GO:0060071","Wnt signaling pathway, planar cell polarity pathway",89,5,0.09,2e-14,"Biological Processes","ptuh-mir-2036","ID=Pocillopora_meandrina_HIv1___RNAseq.g14641.t1::Pocillopora_meandrina_HIv1___Sc0000024:865130-866130",156,-20.96,"2 21","829 851",21,"76.19%","80.95%",0.0561797752808989
"27","Pocillopora_meandrina_HIv1___RNAseq.g14641.t1","GO:0060488","orthogonal dichotomous subdivision of terminal unit...",12,1,0.01,0.00077,"Biological Processes","ptuh-mir-2036","ID=Pocillopora_meandrina_HIv1___RNAseq.g14641.t1::Pocillopora_meandrina_HIv1___Sc0000024:865130-866130",156,-20.96,"2 21","829 851",21,"76.19%","80.95%",0.0833333333333333
"28","Pocillopora_meandrina_HIv1___RNAseq.g14641.t1","GO:0060489","planar dichotomous subdivision of terminal units in...",12,1,0.01,0.00077,"Biological Processes","ptuh-mir-2036","ID=Pocillopora_meandrina_HIv1___RNAseq.g14641.t1::Pocillopora_meandrina_HIv1___Sc0000024:865130-866130",156,-20.96,"2 21","829 851",21,"76.19%","80.95%",0.0833333333333333
"29","Pocillopora_meandrina_HIv1___RNAseq.g14641.t1","GO:0060490","lateral sprouting involved in lung morphogenesis",12,1,0.01,0.00077,"Biological Processes","ptuh-mir-2036","ID=Pocillopora_meandrina_HIv1___RNAseq.g14641.t1::Pocillopora_meandrina_HIv1___Sc0000024:865130-866130",156,-20.96,"2 21","829 851",21,"76.19%","80.95%",0.0833333333333333
"30","Pocillopora_meandrina_HIv1___RNAseq.g14641.t1","GO:0090251","protein localization involved in establishment of p...",21,1,0.02,0.00135,"Biological Processes","ptuh-mir-2036","ID=Pocillopora_meandrina_HIv1___RNAseq.g14641.t1::Pocillopora_meandrina_HIv1___Sc0000024:865130-866130",156,-20.96,"2 21","829 851",21,"76.19%","80.95%",0.0476190476190476
"31","Pocillopora_meandrina_HIv1___RNAseq.g22899.t1","GO:0097638","L-arginine import across plasma membrane",9,1,0.01,0.00058,"Biological Processes","ptuh-mir-2036","ID=Pocillopora_meandrina_HIv1___RNAseq.g22899.t1::Pocillopora_meandrina_HIv1___Sc0000005:434761-435761",156,-20.22,"2 21","241 265",23,"73.91%","78.26%",0.111111111111111
"32","Pocillopora_meandrina_HIv1___RNAseq.g22899.t1","GO:0150104","transport across blood-brain barrier",57,1,0.06,0.00365,"Biological Processes","ptuh-mir-2036","ID=Pocillopora_meandrina_HIv1___RNAseq.g22899.t1::Pocillopora_meandrina_HIv1___Sc0000005:434761-435761",156,-20.22,"2 21","241 265",23,"73.91%","78.26%",0.0175438596491228
"33","Pocillopora_meandrina_HIv1___RNAseq.g22899.t1","GO:1903352","L-ornithine transmembrane transport",10,1,0.01,0.00064,"Biological Processes","ptuh-mir-2036","ID=Pocillopora_meandrina_HIv1___RNAseq.g22899.t1::Pocillopora_meandrina_HIv1___Sc0000005:434761-435761",156,-20.22,"2 21","241 265",23,"73.91%","78.26%",0.1
"34","Pocillopora_meandrina_HIv1___RNAseq.g22899.t1","GO:1903826","L-arginine transmembrane transport",23,1,0.02,0.00148,"Biological Processes","ptuh-mir-2036","ID=Pocillopora_meandrina_HIv1___RNAseq.g22899.t1::Pocillopora_meandrina_HIv1___Sc0000005:434761-435761",156,-20.22,"2 21","241 265",23,"73.91%","78.26%",0.0434782608695652
"35","Pocillopora_meandrina_HIv1___RNAseq.g29880.t1","GO:0007157","heterophilic cell-cell adhesion via plasma membrane...",108,1,0.11,0.00691,"Biological Processes","ptuh-mir-2036","ID=Pocillopora_meandrina_HIv1___RNAseq.g29880.t1::Pocillopora_meandrina_HIv1___Sc0000038:1749181-1750181",167,-25.6,"2 21","248 273",23,"73.91%","78.26%",0.00925925925925926
"36","Pocillopora_meandrina_HIv1___RNAseq.g29880.t1","GO:0007189","adenylate cyclase-activating G protein-coupled rece...",434,2,0.45,0.01364,"Biological Processes","ptuh-mir-2036","ID=Pocillopora_meandrina_HIv1___RNAseq.g29880.t1::Pocillopora_meandrina_HIv1___Sc0000038:1749181-1750181",167,-25.6,"2 21","248 273",23,"73.91%","78.26%",0.00460829493087558
"37","Pocillopora_meandrina_HIv1___RNAseq.g14643.t1","GO:0001932","regulation of protein phosphorylation",509,4,0.53,2.9e-08,"Biological Processes","ptuh-mir-2036","ID=Pocillopora_meandrina_HIv1___RNAseq.g14643.t1::Pocillopora_meandrina_HIv1___Sc0000024:969374-970374",156,-20.96,"2 21","464 486",21,"76.19%","80.95%",0.00785854616895874
"38","Pocillopora_meandrina_HIv1___RNAseq.g14643.t1","GO:0007156","homophilic cell adhesion via plasma membrane adhesi...",280,5,0.29,6.7e-12,"Biological Processes","ptuh-mir-2036","ID=Pocillopora_meandrina_HIv1___RNAseq.g14643.t1::Pocillopora_meandrina_HIv1___Sc0000024:969374-970374",156,-20.96,"2 21","464 486",21,"76.19%","80.95%",0.0178571428571429
"39","Pocillopora_meandrina_HIv1___RNAseq.g14643.t1","GO:0007413","axonal fasciculation",49,4,0.05,2.3e-12,"Biological Processes","ptuh-mir-2036","ID=Pocillopora_meandrina_HIv1___RNAseq.g14643.t1::Pocillopora_meandrina_HIv1___Sc0000024:969374-970374",156,-20.96,"2 21","464 486",21,"76.19%","80.95%",0.0816326530612245
"40","Pocillopora_meandrina_HIv1___RNAseq.g14643.t1","GO:0032880","regulation of protein localization",595,5,0.62,6.1e-11,"Biological Processes","ptuh-mir-2036","ID=Pocillopora_meandrina_HIv1___RNAseq.g14643.t1::Pocillopora_meandrina_HIv1___Sc0000024:969374-970374",156,-20.96,"2 21","464 486",21,"76.19%","80.95%",0.00840336134453781
"41","Pocillopora_meandrina_HIv1___RNAseq.g14643.t1","GO:0036514","dopaminergic neuron axon guidance",22,4,0.02,7.8e-14,"Biological Processes","ptuh-mir-2036","ID=Pocillopora_meandrina_HIv1___RNAseq.g14643.t1::Pocillopora_meandrina_HIv1___Sc0000024:969374-970374",156,-20.96,"2 21","464 486",21,"76.19%","80.95%",0.181818181818182
"42","Pocillopora_meandrina_HIv1___RNAseq.g14643.t1","GO:0036515","serotonergic neuron axon guidance",19,4,0.02,4.1e-14,"Biological Processes","ptuh-mir-2036","ID=Pocillopora_meandrina_HIv1___RNAseq.g14643.t1::Pocillopora_meandrina_HIv1___Sc0000024:969374-970374",156,-20.96,"2 21","464 486",21,"76.19%","80.95%",0.210526315789474
"43","Pocillopora_meandrina_HIv1___RNAseq.g14643.t1","GO:0060071","Wnt signaling pathway, planar cell polarity pathway",89,5,0.09,2e-14,"Biological Processes","ptuh-mir-2036","ID=Pocillopora_meandrina_HIv1___RNAseq.g14643.t1::Pocillopora_meandrina_HIv1___Sc0000024:969374-970374",156,-20.96,"2 21","464 486",21,"76.19%","80.95%",0.0561797752808989
"44","Pocillopora_meandrina_HIv1___RNAseq.g14643.t1","GO:0060271","cilium assembly",435,4,0.45,1.5e-08,"Biological Processes","ptuh-mir-2036","ID=Pocillopora_meandrina_HIv1___RNAseq.g14643.t1::Pocillopora_meandrina_HIv1___Sc0000024:969374-970374",156,-20.96,"2 21","464 486",21,"76.19%","80.95%",0.00919540229885057
"45","Pocillopora_meandrina_HIv1___RNAseq.g14643.t1","GO:0097475","motor neuron migration",35,4,0.04,5.6e-13,"Biological Processes","ptuh-mir-2036","ID=Pocillopora_meandrina_HIv1___RNAseq.g14643.t1::Pocillopora_meandrina_HIv1___Sc0000024:969374-970374",156,-20.96,"2 21","464 486",21,"76.19%","80.95%",0.114285714285714
"46","Pocillopora_meandrina_HIv1___RNAseq.g9609.t1","GO:0007409","axonogenesis",506,5,0.53,0.00728,"Biological Processes","ptuh-mir-2036","ID=Pocillopora_meandrina_HIv1___RNAseq.g9609.t1::Pocillopora_meandrina_HIv1___Sc0000012:1045067-1046067",159,-21.14,"2 21","502 524",20,"70.00%","80.00%",0.00988142292490119
"47","Pocillopora_meandrina_HIv1___RNAseq.g9609.t1","GO:0007616","long-term memory",39,1,0.04,0.0025,"Biological Processes","ptuh-mir-2036","ID=Pocillopora_meandrina_HIv1___RNAseq.g9609.t1::Pocillopora_meandrina_HIv1___Sc0000012:1045067-1046067",159,-21.14,"2 21","502 524",20,"70.00%","80.00%",0.0256410256410256
"48","Pocillopora_meandrina_HIv1___RNAseq.g9609.t1","GO:0007626","locomotory behavior",187,1,0.2,0.01194,"Biological Processes","ptuh-mir-2036","ID=Pocillopora_meandrina_HIv1___RNAseq.g9609.t1::Pocillopora_meandrina_HIv1___Sc0000012:1045067-1046067",159,-21.14,"2 21","502 524",20,"70.00%","80.00%",0.0053475935828877
"49","Pocillopora_meandrina_HIv1___RNAseq.g9609.t1","GO:0008306","associative learning",112,1,0.12,0.00717,"Biological Processes","ptuh-mir-2036","ID=Pocillopora_meandrina_HIv1___RNAseq.g9609.t1::Pocillopora_meandrina_HIv1___Sc0000012:1045067-1046067",159,-21.14,"2 21","502 524",20,"70.00%","80.00%",0.00892857142857143
"50","Pocillopora_meandrina_HIv1___RNAseq.g9609.t1","GO:0010975","regulation of neuron projection development",399,1,0.42,0.02532,"Biological Processes","ptuh-mir-2036","ID=Pocillopora_meandrina_HIv1___RNAseq.g9609.t1::Pocillopora_meandrina_HIv1___Sc0000012:1045067-1046067",159,-21.14,"2 21","502 524",20,"70.00%","80.00%",0.0025062656641604
"51","Pocillopora_meandrina_HIv1___RNAseq.g9609.t1","GO:0016082","synaptic vesicle priming",24,1,0.03,0.00154,"Biological Processes","ptuh-mir-2036","ID=Pocillopora_meandrina_HIv1___RNAseq.g9609.t1::Pocillopora_meandrina_HIv1___Sc0000012:1045067-1046067",159,-21.14,"2 21","502 524",20,"70.00%","80.00%",0.0416666666666667
"52","Pocillopora_meandrina_HIv1___RNAseq.g9609.t1","GO:0016197","endosomal transport",220,1,0.23,0.01404,"Biological Processes","ptuh-mir-2036","ID=Pocillopora_meandrina_HIv1___RNAseq.g9609.t1::Pocillopora_meandrina_HIv1___Sc0000012:1045067-1046067",159,-21.14,"2 21","502 524",20,"70.00%","80.00%",0.00454545454545455
"53","Pocillopora_meandrina_HIv1___RNAseq.g9609.t1","GO:0031629","synaptic vesicle fusion to presynaptic active zone ...",21,1,0.02,0.00135,"Biological Processes","ptuh-mir-2036","ID=Pocillopora_meandrina_HIv1___RNAseq.g9609.t1::Pocillopora_meandrina_HIv1___Sc0000012:1045067-1046067",159,-21.14,"2 21","502 524",20,"70.00%","80.00%",0.0476190476190476
"54","Pocillopora_meandrina_HIv1___RNAseq.g9609.t1","GO:0032024","positive regulation of insulin secretion",71,1,0.07,0.00455,"Biological Processes","ptuh-mir-2036","ID=Pocillopora_meandrina_HIv1___RNAseq.g9609.t1::Pocillopora_meandrina_HIv1___Sc0000012:1045067-1046067",159,-21.14,"2 21","502 524",20,"70.00%","80.00%",0.0140845070422535
"55","Pocillopora_meandrina_HIv1___RNAseq.g9609.t1","GO:0035493","SNARE complex assembly",16,1,0.02,0.00103,"Biological Processes","ptuh-mir-2036","ID=Pocillopora_meandrina_HIv1___RNAseq.g9609.t1::Pocillopora_meandrina_HIv1___Sc0000012:1045067-1046067",159,-21.14,"2 21","502 524",20,"70.00%","80.00%",0.0625
"56","Pocillopora_meandrina_HIv1___RNAseq.g9609.t1","GO:0051963","regulation of synapse assembly",154,1,0.16,0.00985,"Biological Processes","ptuh-mir-2036","ID=Pocillopora_meandrina_HIv1___RNAseq.g9609.t1::Pocillopora_meandrina_HIv1___Sc0000012:1045067-1046067",159,-21.14,"2 21","502 524",20,"70.00%","80.00%",0.00649350649350649
"57","Pocillopora_meandrina_HIv1___RNAseq.g9609.t1","GO:0060291","long-term synaptic potentiation",92,1,0.1,0.00589,"Biological Processes","ptuh-mir-2036","ID=Pocillopora_meandrina_HIv1___RNAseq.g9609.t1::Pocillopora_meandrina_HIv1___Sc0000012:1045067-1046067",159,-21.14,"2 21","502 524",20,"70.00%","80.00%",0.0108695652173913
"58","Pocillopora_meandrina_HIv1___RNAseq.g9609.t1","GO:0098967","exocytic insertion of neurotransmitter receptor to ...",3,1,0,0.00019,"Biological Processes","ptuh-mir-2036","ID=Pocillopora_meandrina_HIv1___RNAseq.g9609.t1::Pocillopora_meandrina_HIv1___Sc0000012:1045067-1046067",159,-21.14,"2 21","502 524",20,"70.00%","80.00%",0.333333333333333
"59","Pocillopora_meandrina_HIv1___RNAseq.g9609.t1","GO:0099525","presynaptic dense core vesicle exocytosis",16,1,0.02,0.00103,"Biological Processes","ptuh-mir-2036","ID=Pocillopora_meandrina_HIv1___RNAseq.g9609.t1::Pocillopora_meandrina_HIv1___Sc0000012:1045067-1046067",159,-21.14,"2 21","502 524",20,"70.00%","80.00%",0.0625
"60","Pocillopora_meandrina_HIv1___RNAseq.g9609.t1","GO:0099590","neurotransmitter receptor internalization",17,1,0.02,0.00109,"Biological Processes","ptuh-mir-2036","ID=Pocillopora_meandrina_HIv1___RNAseq.g9609.t1::Pocillopora_meandrina_HIv1___Sc0000012:1045067-1046067",159,-21.14,"2 21","502 524",20,"70.00%","80.00%",0.0588235294117647
"61","Pocillopora_meandrina_HIv1___TS.g7876.t1","GO:0006631","fatty acid metabolic process",334,1,0.35,0.02124,"Biological Processes","ptuh-mir-2036","ID=Pocillopora_meandrina_HIv1___TS.g7876.t1::Pocillopora_meandrina_HIv1___Sc0000016:8887269-8888269",168,-20.58,"2 20","964 988",21,"85.71%","85.71%",0.0029940119760479
"62","Pocillopora_meandrina_HIv1___TS.g7876.t1","GO:0006979","response to oxidative stress",348,1,0.36,0.02212,"Biological Processes","ptuh-mir-2036","ID=Pocillopora_meandrina_HIv1___TS.g7876.t1::Pocillopora_meandrina_HIv1___Sc0000016:8887269-8888269",168,-20.58,"2 20","964 988",21,"85.71%","85.71%",0.0028735632183908
"63","Pocillopora_meandrina_HIv1___TS.g7876.t1","GO:0009266","response to temperature stimulus",208,1,0.22,0.01328,"Biological Processes","ptuh-mir-2036","ID=Pocillopora_meandrina_HIv1___TS.g7876.t1::Pocillopora_meandrina_HIv1___Sc0000016:8887269-8888269",168,-20.58,"2 20","964 988",21,"85.71%","85.71%",0.00480769230769231
"64","Pocillopora_meandrina_HIv1___TS.g7876.t1","GO:0009644","response to high light intensity",8,1,0.01,0.00051,"Biological Processes","ptuh-mir-2036","ID=Pocillopora_meandrina_HIv1___TS.g7876.t1::Pocillopora_meandrina_HIv1___Sc0000016:8887269-8888269",168,-20.58,"2 20","964 988",21,"85.71%","85.71%",0.125
"65","Pocillopora_meandrina_HIv1___TS.g7876.t1","GO:0009915","phloem sucrose loading",1,1,0,6.4e-05,"Biological Processes","ptuh-mir-2036","ID=Pocillopora_meandrina_HIv1___TS.g7876.t1::Pocillopora_meandrina_HIv1___Sc0000016:8887269-8888269",168,-20.58,"2 20","964 988",21,"85.71%","85.71%",1
"66","Pocillopora_meandrina_HIv1___TS.g7876.t1","GO:0010189","vitamin E biosynthetic process",1,1,0,6.4e-05,"Biological Processes","ptuh-mir-2036","ID=Pocillopora_meandrina_HIv1___TS.g7876.t1::Pocillopora_meandrina_HIv1___Sc0000016:8887269-8888269",168,-20.58,"2 20","964 988",21,"85.71%","85.71%",1
"67","Pocillopora_meandrina_HIv1___TS.g7876.t1","GO:0015994","chlorophyll metabolic process",1,1,0,6.4e-05,"Biological Processes","ptuh-mir-2036","ID=Pocillopora_meandrina_HIv1___TS.g7876.t1::Pocillopora_meandrina_HIv1___Sc0000016:8887269-8888269",168,-20.58,"2 20","964 988",21,"85.71%","85.71%",1
"68","Pocillopora_meandrina_HIv1___TS.g7876.t1","GO:0016122","xanthophyll metabolic process",5,1,0.01,0.00032,"Biological Processes","ptuh-mir-2036","ID=Pocillopora_meandrina_HIv1___TS.g7876.t1::Pocillopora_meandrina_HIv1___Sc0000016:8887269-8888269",168,-20.58,"2 20","964 988",21,"85.71%","85.71%",0.2
"69","Pocillopora_meandrina_HIv1___TS.g7876.t1","GO:0031347","regulation of defense response",629,1,0.66,0.03965,"Biological Processes","ptuh-mir-2036","ID=Pocillopora_meandrina_HIv1___TS.g7876.t1::Pocillopora_meandrina_HIv1___Sc0000016:8887269-8888269",168,-20.58,"2 20","964 988",21,"85.71%","85.71%",0.00158982511923688
"70","Pocillopora_meandrina_HIv1___RNAseq.g13215.t1","GO:0007195","adenylate cyclase-inhibiting dopamine receptor sign...",22,1,0.02,0.00141,"Biological Processes","ptuh-mir-2036","ID=Pocillopora_meandrina_HIv1___RNAseq.g13215.t1::Pocillopora_meandrina_HIv1___Sc0000010:3330999-3331999",158,-20.19,"2 21","312 335",21,"71.43%","80.95%",0.0454545454545455
"71","Pocillopora_meandrina_HIv1___RNAseq.g13215.t1","GO:0014059","regulation of dopamine secretion",55,1,0.06,0.00353,"Biological Processes","ptuh-mir-2036","ID=Pocillopora_meandrina_HIv1___RNAseq.g13215.t1::Pocillopora_meandrina_HIv1___Sc0000010:3330999-3331999",158,-20.19,"2 21","312 335",21,"71.43%","80.95%",0.0181818181818182
"72","Pocillopora_meandrina_HIv1___RNAseq.g13215.t1","GO:0043266","regulation of potassium ion transport",84,1,0.09,0.00538,"Biological Processes","ptuh-mir-2036","ID=Pocillopora_meandrina_HIv1___RNAseq.g13215.t1::Pocillopora_meandrina_HIv1___Sc0000010:3330999-3331999",158,-20.19,"2 21","312 335",21,"71.43%","80.95%",0.0119047619047619
"73","Pocillopora_meandrina_HIv1___RNAseq.g13215.t1","GO:0051481","negative regulation of cytosolic calcium ion concen...",36,1,0.04,0.00231,"Biological Processes","ptuh-mir-2036","ID=Pocillopora_meandrina_HIv1___RNAseq.g13215.t1::Pocillopora_meandrina_HIv1___Sc0000010:3330999-3331999",158,-20.19,"2 21","312 335",21,"71.43%","80.95%",0.0277777777777778
"74","Pocillopora_meandrina_HIv1___RNAseq.g13215.t1","GO:0051967","negative regulation of synaptic transmission, gluta...",23,1,0.02,0.00148,"Biological Processes","ptuh-mir-2036","ID=Pocillopora_meandrina_HIv1___RNAseq.g13215.t1::Pocillopora_meandrina_HIv1___Sc0000010:3330999-3331999",158,-20.19,"2 21","312 335",21,"71.43%","80.95%",0.0434782608695652
"75","Pocillopora_meandrina_HIv1___RNAseq.g13215.t1","GO:0060158","phospholipase C-activating dopamine receptor signal...",19,1,0.02,0.00122,"Biological Processes","ptuh-mir-2036","ID=Pocillopora_meandrina_HIv1___RNAseq.g13215.t1::Pocillopora_meandrina_HIv1___Sc0000010:3330999-3331999",158,-20.19,"2 21","312 335",21,"71.43%","80.95%",0.0526315789473684
"76","Pocillopora_meandrina_HIv1___RNAseq.g13215.t1","GO:0071880","adenylate cyclase-activating adrenergic receptor si...",204,1,0.21,0.01302,"Biological Processes","ptuh-mir-2036","ID=Pocillopora_meandrina_HIv1___RNAseq.g13215.t1::Pocillopora_meandrina_HIv1___Sc0000010:3330999-3331999",158,-20.19,"2 21","312 335",21,"71.43%","80.95%",0.00490196078431373
"77","Pocillopora_meandrina_HIv1___RNAseq.g13215.t1","GO:1904057","negative regulation of sensory perception of pain",4,1,0,0.00026,"Biological Processes","ptuh-mir-2036","ID=Pocillopora_meandrina_HIv1___RNAseq.g13215.t1::Pocillopora_meandrina_HIv1___Sc0000010:3330999-3331999",158,-20.19,"2 21","312 335",21,"71.43%","80.95%",0.25
"78","Pocillopora_meandrina_HIv1___RNAseq.g12757.t1","GO:0006488","dolichol-linked oligosaccharide biosynthetic proces...",20,1,0.02,0.00128,"Biological Processes","ptuh-mir-2036","ID=Pocillopora_meandrina_HIv1___RNAseq.g12757.t1::Pocillopora_meandrina_HIv1___Sc0000035:2444417-2445417",169,-24.03,"2 21","559 580",20,"85.00%","85.00%",0.05
"79","Pocillopora_meandrina_HIv1___RNAseq.g14631.t1","GO:0001932","regulation of protein phosphorylation",509,4,0.53,2.9e-08,"Biological Processes","ptuh-mir-2036","ID=Pocillopora_meandrina_HIv1___RNAseq.g14631.t1::Pocillopora_meandrina_HIv1___Sc0000024:76583-77583",156,-20.96,"2 21","915 937",21,"76.19%","80.95%",0.00785854616895874
"80","Pocillopora_meandrina_HIv1___RNAseq.g14631.t1","GO:0007156","homophilic cell adhesion via plasma membrane adhesi...",280,5,0.29,6.7e-12,"Biological Processes","ptuh-mir-2036","ID=Pocillopora_meandrina_HIv1___RNAseq.g14631.t1::Pocillopora_meandrina_HIv1___Sc0000024:76583-77583",156,-20.96,"2 21","915 937",21,"76.19%","80.95%",0.0178571428571429
"81","Pocillopora_meandrina_HIv1___RNAseq.g14631.t1","GO:0007413","axonal fasciculation",49,4,0.05,2.3e-12,"Biological Processes","ptuh-mir-2036","ID=Pocillopora_meandrina_HIv1___RNAseq.g14631.t1::Pocillopora_meandrina_HIv1___Sc0000024:76583-77583",156,-20.96,"2 21","915 937",21,"76.19%","80.95%",0.0816326530612245
"82","Pocillopora_meandrina_HIv1___RNAseq.g14631.t1","GO:0032880","regulation of protein localization",595,5,0.62,6.1e-11,"Biological Processes","ptuh-mir-2036","ID=Pocillopora_meandrina_HIv1___RNAseq.g14631.t1::Pocillopora_meandrina_HIv1___Sc0000024:76583-77583",156,-20.96,"2 21","915 937",21,"76.19%","80.95%",0.00840336134453781
"83","Pocillopora_meandrina_HIv1___RNAseq.g14631.t1","GO:0036514","dopaminergic neuron axon guidance",22,4,0.02,7.8e-14,"Biological Processes","ptuh-mir-2036","ID=Pocillopora_meandrina_HIv1___RNAseq.g14631.t1::Pocillopora_meandrina_HIv1___Sc0000024:76583-77583",156,-20.96,"2 21","915 937",21,"76.19%","80.95%",0.181818181818182
"84","Pocillopora_meandrina_HIv1___RNAseq.g14631.t1","GO:0036515","serotonergic neuron axon guidance",19,4,0.02,4.1e-14,"Biological Processes","ptuh-mir-2036","ID=Pocillopora_meandrina_HIv1___RNAseq.g14631.t1::Pocillopora_meandrina_HIv1___Sc0000024:76583-77583",156,-20.96,"2 21","915 937",21,"76.19%","80.95%",0.210526315789474
"85","Pocillopora_meandrina_HIv1___RNAseq.g14631.t1","GO:0060071","Wnt signaling pathway, planar cell polarity pathway",89,5,0.09,2e-14,"Biological Processes","ptuh-mir-2036","ID=Pocillopora_meandrina_HIv1___RNAseq.g14631.t1::Pocillopora_meandrina_HIv1___Sc0000024:76583-77583",156,-20.96,"2 21","915 937",21,"76.19%","80.95%",0.0561797752808989
"86","Pocillopora_meandrina_HIv1___RNAseq.g14631.t1","GO:0060271","cilium assembly",435,4,0.45,1.5e-08,"Biological Processes","ptuh-mir-2036","ID=Pocillopora_meandrina_HIv1___RNAseq.g14631.t1::Pocillopora_meandrina_HIv1___Sc0000024:76583-77583",156,-20.96,"2 21","915 937",21,"76.19%","80.95%",0.00919540229885057
"87","Pocillopora_meandrina_HIv1___RNAseq.g14631.t1","GO:0097475","motor neuron migration",35,4,0.04,5.6e-13,"Biological Processes","ptuh-mir-2036","ID=Pocillopora_meandrina_HIv1___RNAseq.g14631.t1::Pocillopora_meandrina_HIv1___Sc0000024:76583-77583",156,-20.96,"2 21","915 937",21,"76.19%","80.95%",0.114285714285714
"88","Pocillopora_meandrina_HIv1___RNAseq.g14649.t1","GO:0001932","regulation of protein phosphorylation",509,4,0.53,2.9e-08,"Biological Processes","ptuh-mir-2036","ID=Pocillopora_meandrina_HIv1___RNAseq.g14649.t1::Pocillopora_meandrina_HIv1___Sc0000024:1195778-1196778",156,-20.96,"2 21","915 937",21,"76.19%","80.95%",0.00785854616895874
"89","Pocillopora_meandrina_HIv1___RNAseq.g14649.t1","GO:0007156","homophilic cell adhesion via plasma membrane adhesi...",280,5,0.29,6.7e-12,"Biological Processes","ptuh-mir-2036","ID=Pocillopora_meandrina_HIv1___RNAseq.g14649.t1::Pocillopora_meandrina_HIv1___Sc0000024:1195778-1196778",156,-20.96,"2 21","915 937",21,"76.19%","80.95%",0.0178571428571429
"90","Pocillopora_meandrina_HIv1___RNAseq.g14649.t1","GO:0007413","axonal fasciculation",49,4,0.05,2.3e-12,"Biological Processes","ptuh-mir-2036","ID=Pocillopora_meandrina_HIv1___RNAseq.g14649.t1::Pocillopora_meandrina_HIv1___Sc0000024:1195778-1196778",156,-20.96,"2 21","915 937",21,"76.19%","80.95%",0.0816326530612245
"91","Pocillopora_meandrina_HIv1___RNAseq.g14649.t1","GO:0032880","regulation of protein localization",595,5,0.62,6.1e-11,"Biological Processes","ptuh-mir-2036","ID=Pocillopora_meandrina_HIv1___RNAseq.g14649.t1::Pocillopora_meandrina_HIv1___Sc0000024:1195778-1196778",156,-20.96,"2 21","915 937",21,"76.19%","80.95%",0.00840336134453781
"92","Pocillopora_meandrina_HIv1___RNAseq.g14649.t1","GO:0036514","dopaminergic neuron axon guidance",22,4,0.02,7.8e-14,"Biological Processes","ptuh-mir-2036","ID=Pocillopora_meandrina_HIv1___RNAseq.g14649.t1::Pocillopora_meandrina_HIv1___Sc0000024:1195778-1196778",156,-20.96,"2 21","915 937",21,"76.19%","80.95%",0.181818181818182
"93","Pocillopora_meandrina_HIv1___RNAseq.g14649.t1","GO:0036515","serotonergic neuron axon guidance",19,4,0.02,4.1e-14,"Biological Processes","ptuh-mir-2036","ID=Pocillopora_meandrina_HIv1___RNAseq.g14649.t1::Pocillopora_meandrina_HIv1___Sc0000024:1195778-1196778",156,-20.96,"2 21","915 937",21,"76.19%","80.95%",0.210526315789474
"94","Pocillopora_meandrina_HIv1___RNAseq.g14649.t1","GO:0060071","Wnt signaling pathway, planar cell polarity pathway",89,5,0.09,2e-14,"Biological Processes","ptuh-mir-2036","ID=Pocillopora_meandrina_HIv1___RNAseq.g14649.t1::Pocillopora_meandrina_HIv1___Sc0000024:1195778-1196778",156,-20.96,"2 21","915 937",21,"76.19%","80.95%",0.0561797752808989
"95","Pocillopora_meandrina_HIv1___RNAseq.g14649.t1","GO:0060271","cilium assembly",435,4,0.45,1.5e-08,"Biological Processes","ptuh-mir-2036","ID=Pocillopora_meandrina_HIv1___RNAseq.g14649.t1::Pocillopora_meandrina_HIv1___Sc0000024:1195778-1196778",156,-20.96,"2 21","915 937",21,"76.19%","80.95%",0.00919540229885057
"96","Pocillopora_meandrina_HIv1___RNAseq.g14649.t1","GO:0097475","motor neuron migration",35,4,0.04,5.6e-13,"Biological Processes","ptuh-mir-2036","ID=Pocillopora_meandrina_HIv1___RNAseq.g14649.t1::Pocillopora_meandrina_HIv1___Sc0000024:1195778-1196778",156,-20.96,"2 21","915 937",21,"76.19%","80.95%",0.114285714285714
"97","Pocillopora_meandrina_HIv1___RNAseq.g7541.t1","GO:0000781","chromosome, telomeric region",94,1,0.1,0.00597,"Cellular Components","ptuh-mir-2036","ID=Pocillopora_meandrina_HIv1___RNAseq.g7541.t1::Pocillopora_meandrina_HIv1___Sc0000002:13591696-13592696",170,-21.29,"2 20","62 84",19,"78.95%","89.47%",0.0106382978723404
"98","Pocillopora_meandrina_HIv1___RNAseq.g7541.t1","GO:0000794","condensed nuclear chromosome",48,1,0.05,0.00305,"Cellular Components","ptuh-mir-2036","ID=Pocillopora_meandrina_HIv1___RNAseq.g7541.t1::Pocillopora_meandrina_HIv1___Sc0000002:13591696-13592696",170,-21.29,"2 20","62 84",19,"78.95%","89.47%",0.0208333333333333
"99","Pocillopora_meandrina_HIv1___RNAseq.g7541.t1","GO:0030870","Mre11 complex",5,1,0.01,0.00032,"Cellular Components","ptuh-mir-2036","ID=Pocillopora_meandrina_HIv1___RNAseq.g7541.t1::Pocillopora_meandrina_HIv1___Sc0000002:13591696-13592696",170,-21.29,"2 20","62 84",19,"78.95%","89.47%",0.2
"100","Pocillopora_meandrina_HIv1___RNAseq.g7541.t1","GO:0035861","site of double-strand break",86,1,0.09,0.00546,"Cellular Components","ptuh-mir-2036","ID=Pocillopora_meandrina_HIv1___RNAseq.g7541.t1::Pocillopora_meandrina_HIv1___Sc0000002:13591696-13592696",170,-21.29,"2 20","62 84",19,"78.95%","89.47%",0.0116279069767442
"101","Pocillopora_meandrina_HIv1___RNAseq.g14655.t1","GO:0005886","plasma membrane",4952,10,5.13,3.1e-11,"Cellular Components","ptuh-mir-2036","ID=Pocillopora_meandrina_HIv1___RNAseq.g14655.t1::Pocillopora_meandrina_HIv1___Sc0000024:1375661-1376661",156,-20.96,"2 21","829 851",21,"76.19%","80.95%",0.00201938610662359
"102","Pocillopora_meandrina_HIv1___RNAseq.g14641.t1","GO:0005886","plasma membrane",4952,10,5.13,3.1e-11,"Cellular Components","ptuh-mir-2036","ID=Pocillopora_meandrina_HIv1___RNAseq.g14641.t1::Pocillopora_meandrina_HIv1___Sc0000024:865130-866130",156,-20.96,"2 21","829 851",21,"76.19%","80.95%",0.00201938610662359
"103","Pocillopora_meandrina_HIv1___RNAseq.g22899.t1","GO:0005886","plasma membrane",4952,10,5.13,3.1e-11,"Cellular Components","ptuh-mir-2036","ID=Pocillopora_meandrina_HIv1___RNAseq.g22899.t1::Pocillopora_meandrina_HIv1___Sc0000005:434761-435761",156,-20.22,"2 21","241 265",23,"73.91%","78.26%",0.00201938610662359
"104","Pocillopora_meandrina_HIv1___RNAseq.g22899.t1","GO:0030054","cell junction",2090,5,2.17,0.02468,"Cellular Components","ptuh-mir-2036","ID=Pocillopora_meandrina_HIv1___RNAseq.g22899.t1::Pocillopora_meandrina_HIv1___Sc0000005:434761-435761",156,-20.22,"2 21","241 265",23,"73.91%","78.26%",0.00239234449760766
"105","Pocillopora_meandrina_HIv1___RNAseq.g29880.t1","GO:0005886","plasma membrane",4952,10,5.13,3.1e-11,"Cellular Components","ptuh-mir-2036","ID=Pocillopora_meandrina_HIv1___RNAseq.g29880.t1::Pocillopora_meandrina_HIv1___Sc0000038:1749181-1750181",167,-25.6,"2 21","248 273",23,"73.91%","78.26%",0.00201938610662359
"106","Pocillopora_meandrina_HIv1___RNAseq.g29880.t1","GO:0030426","growth cone",164,2,0.17,0.00748,"Cellular Components","ptuh-mir-2036","ID=Pocillopora_meandrina_HIv1___RNAseq.g29880.t1::Pocillopora_meandrina_HIv1___Sc0000038:1749181-1750181",167,-25.6,"2 21","248 273",23,"73.91%","78.26%",0.0121951219512195
"107","Pocillopora_meandrina_HIv1___RNAseq.g29880.t1","GO:0042734","presynaptic membrane",279,3,0.29,0.01237,"Cellular Components","ptuh-mir-2036","ID=Pocillopora_meandrina_HIv1___RNAseq.g29880.t1::Pocillopora_meandrina_HIv1___Sc0000038:1749181-1750181",167,-25.6,"2 21","248 273",23,"73.91%","78.26%",0.010752688172043
"108","Pocillopora_meandrina_HIv1___RNAseq.g14643.t1","GO:0005886","plasma membrane",4952,10,5.13,3.1e-11,"Cellular Components","ptuh-mir-2036","ID=Pocillopora_meandrina_HIv1___RNAseq.g14643.t1::Pocillopora_meandrina_HIv1___Sc0000024:969374-970374",156,-20.96,"2 21","464 486",21,"76.19%","80.95%",0.00201938610662359
"109","Pocillopora_meandrina_HIv1___RNAseq.g9609.t1","GO:0001917","photoreceptor inner segment",59,1,0.06,0.00375,"Cellular Components","ptuh-mir-2036","ID=Pocillopora_meandrina_HIv1___RNAseq.g9609.t1::Pocillopora_meandrina_HIv1___Sc0000012:1045067-1046067",159,-21.14,"2 21","502 524",20,"70.00%","80.00%",0.0169491525423729
"110","Pocillopora_meandrina_HIv1___RNAseq.g9609.t1","GO:0005802","trans-Golgi network",246,1,0.26,0.01555,"Cellular Components","ptuh-mir-2036","ID=Pocillopora_meandrina_HIv1___RNAseq.g9609.t1::Pocillopora_meandrina_HIv1___Sc0000012:1045067-1046067",159,-21.14,"2 21","502 524",20,"70.00%","80.00%",0.0040650406504065
"111","Pocillopora_meandrina_HIv1___RNAseq.g9609.t1","GO:0005886","plasma membrane",4952,10,5.13,3.1e-11,"Cellular Components","ptuh-mir-2036","ID=Pocillopora_meandrina_HIv1___RNAseq.g9609.t1::Pocillopora_meandrina_HIv1___Sc0000012:1045067-1046067",159,-21.14,"2 21","502 524",20,"70.00%","80.00%",0.00201938610662359
"112","Pocillopora_meandrina_HIv1___RNAseq.g9609.t1","GO:0005938","cell cortex",436,1,0.45,0.0274,"Cellular Components","ptuh-mir-2036","ID=Pocillopora_meandrina_HIv1___RNAseq.g9609.t1::Pocillopora_meandrina_HIv1___Sc0000012:1045067-1046067",159,-21.14,"2 21","502 524",20,"70.00%","80.00%",0.00229357798165138
"113","Pocillopora_meandrina_HIv1___RNAseq.g9609.t1","GO:0008021","synaptic vesicle",259,1,0.27,0.01636,"Cellular Components","ptuh-mir-2036","ID=Pocillopora_meandrina_HIv1___RNAseq.g9609.t1::Pocillopora_meandrina_HIv1___Sc0000012:1045067-1046067",159,-21.14,"2 21","502 524",20,"70.00%","80.00%",0.00386100386100386
"114","Pocillopora_meandrina_HIv1___RNAseq.g9609.t1","GO:0008076","voltage-gated potassium channel complex",71,1,0.07,0.00451,"Cellular Components","ptuh-mir-2036","ID=Pocillopora_meandrina_HIv1___RNAseq.g9609.t1::Pocillopora_meandrina_HIv1___Sc0000012:1045067-1046067",159,-21.14,"2 21","502 524",20,"70.00%","80.00%",0.0140845070422535
"115","Pocillopora_meandrina_HIv1___RNAseq.g9609.t1","GO:0015629","actin cytoskeleton",414,1,0.43,0.02603,"Cellular Components","ptuh-mir-2036","ID=Pocillopora_meandrina_HIv1___RNAseq.g9609.t1::Pocillopora_meandrina_HIv1___Sc0000012:1045067-1046067",159,-21.14,"2 21","502 524",20,"70.00%","80.00%",0.00241545893719807
"116","Pocillopora_meandrina_HIv1___RNAseq.g9609.t1","GO:0030027","lamellipodium",137,1,0.14,0.00869,"Cellular Components","ptuh-mir-2036","ID=Pocillopora_meandrina_HIv1___RNAseq.g9609.t1::Pocillopora_meandrina_HIv1___Sc0000012:1045067-1046067",159,-21.14,"2 21","502 524",20,"70.00%","80.00%",0.0072992700729927
"117","Pocillopora_meandrina_HIv1___RNAseq.g9609.t1","GO:0030175","filopodium",79,1,0.08,0.00502,"Cellular Components","ptuh-mir-2036","ID=Pocillopora_meandrina_HIv1___RNAseq.g9609.t1::Pocillopora_meandrina_HIv1___Sc0000012:1045067-1046067",159,-21.14,"2 21","502 524",20,"70.00%","80.00%",0.0126582278481013
"118","Pocillopora_meandrina_HIv1___RNAseq.g9609.t1","GO:0030426","growth cone",164,2,0.17,0.00748,"Cellular Components","ptuh-mir-2036","ID=Pocillopora_meandrina_HIv1___RNAseq.g9609.t1::Pocillopora_meandrina_HIv1___Sc0000012:1045067-1046067",159,-21.14,"2 21","502 524",20,"70.00%","80.00%",0.0121951219512195
"119","Pocillopora_meandrina_HIv1___RNAseq.g9609.t1","GO:0031083","BLOC-1 complex",10,1,0.01,0.00064,"Cellular Components","ptuh-mir-2036","ID=Pocillopora_meandrina_HIv1___RNAseq.g9609.t1::Pocillopora_meandrina_HIv1___Sc0000012:1045067-1046067",159,-21.14,"2 21","502 524",20,"70.00%","80.00%",0.1
"120","Pocillopora_meandrina_HIv1___RNAseq.g9609.t1","GO:0042734","presynaptic membrane",279,3,0.29,0.01237,"Cellular Components","ptuh-mir-2036","ID=Pocillopora_meandrina_HIv1___RNAseq.g9609.t1::Pocillopora_meandrina_HIv1___Sc0000012:1045067-1046067",159,-21.14,"2 21","502 524",20,"70.00%","80.00%",0.010752688172043
"121","Pocillopora_meandrina_HIv1___RNAseq.g9609.t1","GO:0043025","neuronal cell body",581,2,0.6,0.00062,"Cellular Components","ptuh-mir-2036","ID=Pocillopora_meandrina_HIv1___RNAseq.g9609.t1::Pocillopora_meandrina_HIv1___Sc0000012:1045067-1046067",159,-21.14,"2 21","502 524",20,"70.00%","80.00%",0.00344234079173838
"122","Pocillopora_meandrina_HIv1___RNAseq.g9609.t1","GO:0043195","terminal bouton",67,1,0.07,0.00426,"Cellular Components","ptuh-mir-2036","ID=Pocillopora_meandrina_HIv1___RNAseq.g9609.t1::Pocillopora_meandrina_HIv1___Sc0000012:1045067-1046067",159,-21.14,"2 21","502 524",20,"70.00%","80.00%",0.0149253731343284
"123","Pocillopora_meandrina_HIv1___RNAseq.g9609.t1","GO:0044295","axonal growth cone",37,1,0.04,0.00235,"Cellular Components","ptuh-mir-2036","ID=Pocillopora_meandrina_HIv1___RNAseq.g9609.t1::Pocillopora_meandrina_HIv1___Sc0000012:1045067-1046067",159,-21.14,"2 21","502 524",20,"70.00%","80.00%",0.027027027027027
"124","Pocillopora_meandrina_HIv1___RNAseq.g9609.t1","GO:0048471","perinuclear region of cytoplasm",532,1,0.55,0.03334,"Cellular Components","ptuh-mir-2036","ID=Pocillopora_meandrina_HIv1___RNAseq.g9609.t1::Pocillopora_meandrina_HIv1___Sc0000012:1045067-1046067",159,-21.14,"2 21","502 524",20,"70.00%","80.00%",0.0018796992481203
"125","Pocillopora_meandrina_HIv1___RNAseq.g9609.t1","GO:0048787","presynaptic active zone membrane",48,2,0.05,4.2e-06,"Cellular Components","ptuh-mir-2036","ID=Pocillopora_meandrina_HIv1___RNAseq.g9609.t1::Pocillopora_meandrina_HIv1___Sc0000012:1045067-1046067",159,-21.14,"2 21","502 524",20,"70.00%","80.00%",0.0416666666666667
"126","Pocillopora_meandrina_HIv1___RNAseq.g9609.t1","GO:0070032","synaptobrevin 2-SNAP-25-syntaxin-1a-complexin I com...",1,1,0,6.4e-05,"Cellular Components","ptuh-mir-2036","ID=Pocillopora_meandrina_HIv1___RNAseq.g9609.t1::Pocillopora_meandrina_HIv1___Sc0000012:1045067-1046067",159,-21.14,"2 21","502 524",20,"70.00%","80.00%",1
"127","Pocillopora_meandrina_HIv1___RNAseq.g9609.t1","GO:0070033","synaptobrevin 2-SNAP-25-syntaxin-1a-complexin II co...",1,1,0,6.4e-05,"Cellular Components","ptuh-mir-2036","ID=Pocillopora_meandrina_HIv1___RNAseq.g9609.t1::Pocillopora_meandrina_HIv1___Sc0000012:1045067-1046067",159,-21.14,"2 21","502 524",20,"70.00%","80.00%",1
"128","Pocillopora_meandrina_HIv1___RNAseq.g9609.t1","GO:0070044","synaptobrevin 2-SNAP-25-syntaxin-1a complex",2,1,0,0.00013,"Cellular Components","ptuh-mir-2036","ID=Pocillopora_meandrina_HIv1___RNAseq.g9609.t1::Pocillopora_meandrina_HIv1___Sc0000012:1045067-1046067",159,-21.14,"2 21","502 524",20,"70.00%","80.00%",0.5
"129","Pocillopora_meandrina_HIv1___RNAseq.g9609.t1","GO:0097470","ribbon synapse",13,1,0.01,0.00083,"Cellular Components","ptuh-mir-2036","ID=Pocillopora_meandrina_HIv1___RNAseq.g9609.t1::Pocillopora_meandrina_HIv1___Sc0000012:1045067-1046067",159,-21.14,"2 21","502 524",20,"70.00%","80.00%",0.0769230769230769
"130","Pocillopora_meandrina_HIv1___RNAseq.g9609.t1","GO:0098794","postsynapse",717,2,0.74,0.01085,"Cellular Components","ptuh-mir-2036","ID=Pocillopora_meandrina_HIv1___RNAseq.g9609.t1::Pocillopora_meandrina_HIv1___Sc0000012:1045067-1046067",159,-21.14,"2 21","502 524",20,"70.00%","80.00%",0.00278940027894003
"131","Pocillopora_meandrina_HIv1___RNAseq.g9609.t1","GO:0098888","extrinsic component of presynaptic membrane",5,1,0.01,0.00032,"Cellular Components","ptuh-mir-2036","ID=Pocillopora_meandrina_HIv1___RNAseq.g9609.t1::Pocillopora_meandrina_HIv1___Sc0000012:1045067-1046067",159,-21.14,"2 21","502 524",20,"70.00%","80.00%",0.2
"132","Pocillopora_meandrina_HIv1___RNAseq.g9609.t1","GO:0098978","glutamatergic synapse",492,3,0.51,4e-06,"Cellular Components","ptuh-mir-2036","ID=Pocillopora_meandrina_HIv1___RNAseq.g9609.t1::Pocillopora_meandrina_HIv1___Sc0000012:1045067-1046067",159,-21.14,"2 21","502 524",20,"70.00%","80.00%",0.00609756097560976
"133","Pocillopora_meandrina_HIv1___TS.g7876.t1","GO:0010287","plastoglobule",2,1,0,0.00013,"Cellular Components","ptuh-mir-2036","ID=Pocillopora_meandrina_HIv1___TS.g7876.t1::Pocillopora_meandrina_HIv1___Sc0000016:8887269-8888269",168,-20.58,"2 20","964 988",21,"85.71%","85.71%",0.5
"134","Pocillopora_meandrina_HIv1___RNAseq.g22401.t1","GO:0005886","plasma membrane",4952,10,5.13,3.1e-11,"Cellular Components","ptuh-mir-2036","ID=Pocillopora_meandrina_HIv1___RNAseq.g22401.t1::Pocillopora_meandrina_HIv1___Sc0000000:17367175-17368175",180,-25.83,"2 21","154 175",19,"84.21%","89.47%",0.00201938610662359
"135","Pocillopora_meandrina_HIv1___RNAseq.g22401.t1","GO:0043025","neuronal cell body",581,2,0.6,0.00062,"Cellular Components","ptuh-mir-2036","ID=Pocillopora_meandrina_HIv1___RNAseq.g22401.t1::Pocillopora_meandrina_HIv1___Sc0000000:17367175-17368175",180,-25.83,"2 21","154 175",19,"84.21%","89.47%",0.00344234079173838
"136","Pocillopora_meandrina_HIv1___RNAseq.g13215.t1","GO:0005886","plasma membrane",4952,10,5.13,3.1e-11,"Cellular Components","ptuh-mir-2036","ID=Pocillopora_meandrina_HIv1___RNAseq.g13215.t1::Pocillopora_meandrina_HIv1___Sc0000010:3330999-3331999",158,-20.19,"2 21","312 335",21,"71.43%","80.95%",0.00201938610662359
"137","Pocillopora_meandrina_HIv1___RNAseq.g13215.t1","GO:0098978","glutamatergic synapse",492,3,0.51,4e-06,"Cellular Components","ptuh-mir-2036","ID=Pocillopora_meandrina_HIv1___RNAseq.g13215.t1::Pocillopora_meandrina_HIv1___Sc0000010:3330999-3331999",158,-20.19,"2 21","312 335",21,"71.43%","80.95%",0.00609756097560976
"138","Pocillopora_meandrina_HIv1___RNAseq.g14631.t1","GO:0005886","plasma membrane",4952,10,5.13,3.1e-11,"Cellular Components","ptuh-mir-2036","ID=Pocillopora_meandrina_HIv1___RNAseq.g14631.t1::Pocillopora_meandrina_HIv1___Sc0000024:76583-77583",156,-20.96,"2 21","915 937",21,"76.19%","80.95%",0.00201938610662359
"139","Pocillopora_meandrina_HIv1___RNAseq.g14649.t1","GO:0048787","presynaptic active zone membrane",48,2,0.05,4.2e-06,"Cellular Components","ptuh-mir-2036","ID=Pocillopora_meandrina_HIv1___RNAseq.g14649.t1::Pocillopora_meandrina_HIv1___Sc0000024:1195778-1196778",156,-20.96,"2 21","915 937",21,"76.19%","80.95%",0.0416666666666667
"140","Pocillopora_meandrina_HIv1___RNAseq.g14649.t1","GO:0098839","postsynaptic density membrane",112,1,0.12,0.00711,"Cellular Components","ptuh-mir-2036","ID=Pocillopora_meandrina_HIv1___RNAseq.g14649.t1::Pocillopora_meandrina_HIv1___Sc0000024:1195778-1196778",156,-20.96,"2 21","915 937",21,"76.19%","80.95%",0.00892857142857143
"141","Pocillopora_meandrina_HIv1___RNAseq.g14649.t1","GO:0098978","glutamatergic synapse",492,3,0.51,4e-06,"Cellular Components","ptuh-mir-2036","ID=Pocillopora_meandrina_HIv1___RNAseq.g14649.t1::Pocillopora_meandrina_HIv1___Sc0000024:1195778-1196778",156,-20.96,"2 21","915 937",21,"76.19%","80.95%",0.00609756097560976
"142","Pocillopora_meandrina_HIv1___RNAseq.g21040.t1","GO:0000978","RNA polymerase II cis-regulatory region sequence-sp...",500,1,0.54,0.03255,"Molecular Functions","ptuh-mir-2036","ID=Pocillopora_meandrina_HIv1___RNAseq.g21040.t1::Pocillopora_meandrina_HIv1___Sc0000000:1181823-1182823",166,-20.26,"2 17","337 357",15,"93.33%","93.33%",0.002
"143","Pocillopora_meandrina_HIv1___RNAseq.g21040.t1","GO:0003700","DNA-binding transcription factor activity",584,1,0.63,0.03792,"Molecular Functions","ptuh-mir-2036","ID=Pocillopora_meandrina_HIv1___RNAseq.g21040.t1::Pocillopora_meandrina_HIv1___Sc0000000:1181823-1182823",166,-20.26,"2 17","337 357",15,"93.33%","93.33%",0.00171232876712329
"144","Pocillopora_meandrina_HIv1___RNAseq.g7541.t1","GO:0003691","double-stranded telomeric DNA binding",4,1,0,0.00026,"Molecular Functions","ptuh-mir-2036","ID=Pocillopora_meandrina_HIv1___RNAseq.g7541.t1::Pocillopora_meandrina_HIv1___Sc0000002:13591696-13592696",170,-21.29,"2 20","62 84",19,"78.95%","89.47%",0.25
"145","Pocillopora_meandrina_HIv1___RNAseq.g7541.t1","GO:0016887","ATP hydrolysis activity",519,1,0.56,0.03377,"Molecular Functions","ptuh-mir-2036","ID=Pocillopora_meandrina_HIv1___RNAseq.g7541.t1::Pocillopora_meandrina_HIv1___Sc0000002:13591696-13592696",170,-21.29,"2 20","62 84",19,"78.95%","89.47%",0.00192678227360308
"146","Pocillopora_meandrina_HIv1___RNAseq.g7541.t1","GO:0043047","single-stranded telomeric DNA binding",9,1,0.01,0.00059,"Molecular Functions","ptuh-mir-2036","ID=Pocillopora_meandrina_HIv1___RNAseq.g7541.t1::Pocillopora_meandrina_HIv1___Sc0000002:13591696-13592696",170,-21.29,"2 20","62 84",19,"78.95%","89.47%",0.111111111111111
"147","Pocillopora_meandrina_HIv1___RNAseq.g7541.t1","GO:0043539","protein serine/threonine kinase activator activity",35,1,0.04,0.00231,"Molecular Functions","ptuh-mir-2036","ID=Pocillopora_meandrina_HIv1___RNAseq.g7541.t1::Pocillopora_meandrina_HIv1___Sc0000002:13591696-13592696",170,-21.29,"2 20","62 84",19,"78.95%","89.47%",0.0285714285714286
"148","Pocillopora_meandrina_HIv1___RNAseq.g7541.t1","GO:0051880","G-quadruplex DNA binding",20,1,0.02,0.00132,"Molecular Functions","ptuh-mir-2036","ID=Pocillopora_meandrina_HIv1___RNAseq.g7541.t1::Pocillopora_meandrina_HIv1___Sc0000002:13591696-13592696",170,-21.29,"2 20","62 84",19,"78.95%","89.47%",0.05
"149","Pocillopora_meandrina_HIv1___RNAseq.g14655.t1","GO:0004930","G protein-coupled receptor activity",1083,7,1.17,3e-13,"Molecular Functions","ptuh-mir-2036","ID=Pocillopora_meandrina_HIv1___RNAseq.g14655.t1::Pocillopora_meandrina_HIv1___Sc0000024:1375661-1376661",156,-20.96,"2 21","829 851",21,"76.19%","80.95%",0.00646352723915051
"150","Pocillopora_meandrina_HIv1___RNAseq.g14655.t1","GO:0005509","calcium ion binding",1156,5,1.24,9.2e-09,"Molecular Functions","ptuh-mir-2036","ID=Pocillopora_meandrina_HIv1___RNAseq.g14655.t1::Pocillopora_meandrina_HIv1___Sc0000024:1375661-1376661",156,-20.96,"2 21","829 851",21,"76.19%","80.95%",0.00432525951557093
"151","Pocillopora_meandrina_HIv1___RNAseq.g14641.t1","GO:0004930","G protein-coupled receptor activity",1083,7,1.17,3e-13,"Molecular Functions","ptuh-mir-2036","ID=Pocillopora_meandrina_HIv1___RNAseq.g14641.t1::Pocillopora_meandrina_HIv1___Sc0000024:865130-866130",156,-20.96,"2 21","829 851",21,"76.19%","80.95%",0.00646352723915051
"152","Pocillopora_meandrina_HIv1___RNAseq.g14641.t1","GO:0005509","calcium ion binding",1156,5,1.24,9.2e-09,"Molecular Functions","ptuh-mir-2036","ID=Pocillopora_meandrina_HIv1___RNAseq.g14641.t1::Pocillopora_meandrina_HIv1___Sc0000024:865130-866130",156,-20.96,"2 21","829 851",21,"76.19%","80.95%",0.00432525951557093
"153","Pocillopora_meandrina_HIv1___RNAseq.g22899.t1","GO:0000064","L-ornithine transmembrane transporter activity",9,1,0.01,0.00059,"Molecular Functions","ptuh-mir-2036","ID=Pocillopora_meandrina_HIv1___RNAseq.g22899.t1::Pocillopora_meandrina_HIv1___Sc0000005:434761-435761",156,-20.22,"2 21","241 265",23,"73.91%","78.26%",0.111111111111111
"154","Pocillopora_meandrina_HIv1___RNAseq.g22899.t1","GO:0015189","L-lysine transmembrane transporter activity",11,1,0.01,0.00073,"Molecular Functions","ptuh-mir-2036","ID=Pocillopora_meandrina_HIv1___RNAseq.g22899.t1::Pocillopora_meandrina_HIv1___Sc0000005:434761-435761",156,-20.22,"2 21","241 265",23,"73.91%","78.26%",0.0909090909090909
"155","Pocillopora_meandrina_HIv1___RNAseq.g22899.t1","GO:0061459","L-arginine transmembrane transporter activity",12,1,0.01,0.00079,"Molecular Functions","ptuh-mir-2036","ID=Pocillopora_meandrina_HIv1___RNAseq.g22899.t1::Pocillopora_meandrina_HIv1___Sc0000005:434761-435761",156,-20.22,"2 21","241 265",23,"73.91%","78.26%",0.0833333333333333
"156","Pocillopora_meandrina_HIv1___RNAseq.g29880.t1","GO:0004930","G protein-coupled receptor activity",1083,7,1.17,3e-13,"Molecular Functions","ptuh-mir-2036","ID=Pocillopora_meandrina_HIv1___RNAseq.g29880.t1::Pocillopora_meandrina_HIv1___Sc0000038:1749181-1750181",167,-25.6,"2 21","248 273",23,"73.91%","78.26%",0.00646352723915051
"157","Pocillopora_meandrina_HIv1___RNAseq.g29880.t1","GO:0016524","latrotoxin receptor activity",5,1,0.01,0.00033,"Molecular Functions","ptuh-mir-2036","ID=Pocillopora_meandrina_HIv1___RNAseq.g29880.t1::Pocillopora_meandrina_HIv1___Sc0000038:1749181-1750181",167,-25.6,"2 21","248 273",23,"73.91%","78.26%",0.2
"158","Pocillopora_meandrina_HIv1___RNAseq.g29880.t1","GO:0030246","carbohydrate binding",369,1,0.4,0.02412,"Molecular Functions","ptuh-mir-2036","ID=Pocillopora_meandrina_HIv1___RNAseq.g29880.t1::Pocillopora_meandrina_HIv1___Sc0000038:1749181-1750181",167,-25.6,"2 21","248 273",23,"73.91%","78.26%",0.002710027100271
"159","Pocillopora_meandrina_HIv1___RNAseq.g29880.t1","GO:0050839","cell adhesion molecule binding",352,1,0.38,0.02302,"Molecular Functions","ptuh-mir-2036","ID=Pocillopora_meandrina_HIv1___RNAseq.g29880.t1::Pocillopora_meandrina_HIv1___Sc0000038:1749181-1750181",167,-25.6,"2 21","248 273",23,"73.91%","78.26%",0.00284090909090909
"160","Pocillopora_meandrina_HIv1___RNAseq.g14643.t1","GO:0004930","G protein-coupled receptor activity",1083,7,1.17,3e-13,"Molecular Functions","ptuh-mir-2036","ID=Pocillopora_meandrina_HIv1___RNAseq.g14643.t1::Pocillopora_meandrina_HIv1___Sc0000024:969374-970374",156,-20.96,"2 21","464 486",21,"76.19%","80.95%",0.00646352723915051
"161","Pocillopora_meandrina_HIv1___RNAseq.g14643.t1","GO:0005509","calcium ion binding",1156,5,1.24,9.2e-09,"Molecular Functions","ptuh-mir-2036","ID=Pocillopora_meandrina_HIv1___RNAseq.g14643.t1::Pocillopora_meandrina_HIv1___Sc0000024:969374-970374",156,-20.96,"2 21","464 486",21,"76.19%","80.95%",0.00432525951557093
"162","Pocillopora_meandrina_HIv1___RNAseq.g9609.t1","GO:0005249","voltage-gated potassium channel activity",120,1,0.13,0.0079,"Molecular Functions","ptuh-mir-2036","ID=Pocillopora_meandrina_HIv1___RNAseq.g9609.t1::Pocillopora_meandrina_HIv1___Sc0000012:1045067-1046067",159,-21.14,"2 21","502 524",20,"70.00%","80.00%",0.00833333333333333
"163","Pocillopora_meandrina_HIv1___RNAseq.g9609.t1","GO:0005484","SNAP receptor activity",27,1,0.03,0.00178,"Molecular Functions","ptuh-mir-2036","ID=Pocillopora_meandrina_HIv1___RNAseq.g9609.t1::Pocillopora_meandrina_HIv1___Sc0000012:1045067-1046067",159,-21.14,"2 21","502 524",20,"70.00%","80.00%",0.037037037037037
"164","Pocillopora_meandrina_HIv1___RNAseq.g9609.t1","GO:0008289","lipid binding",666,1,0.72,0.04314,"Molecular Functions","ptuh-mir-2036","ID=Pocillopora_meandrina_HIv1___RNAseq.g9609.t1::Pocillopora_meandrina_HIv1___Sc0000012:1045067-1046067",159,-21.14,"2 21","502 524",20,"70.00%","80.00%",0.0015015015015015
"165","Pocillopora_meandrina_HIv1___RNAseq.g9609.t1","GO:0017022","myosin binding",53,1,0.06,0.0035,"Molecular Functions","ptuh-mir-2036","ID=Pocillopora_meandrina_HIv1___RNAseq.g9609.t1::Pocillopora_meandrina_HIv1___Sc0000012:1045067-1046067",159,-21.14,"2 21","502 524",20,"70.00%","80.00%",0.0188679245283019
"166","Pocillopora_meandrina_HIv1___RNAseq.g9609.t1","GO:0017075","syntaxin-1 binding",19,1,0.02,0.00126,"Molecular Functions","ptuh-mir-2036","ID=Pocillopora_meandrina_HIv1___RNAseq.g9609.t1::Pocillopora_meandrina_HIv1___Sc0000012:1045067-1046067",159,-21.14,"2 21","502 524",20,"70.00%","80.00%",0.0526315789473684
"167","Pocillopora_meandrina_HIv1___RNAseq.g9609.t1","GO:0019904","protein domain specific binding",439,1,0.47,0.02863,"Molecular Functions","ptuh-mir-2036","ID=Pocillopora_meandrina_HIv1___RNAseq.g9609.t1::Pocillopora_meandrina_HIv1___Sc0000012:1045067-1046067",159,-21.14,"2 21","502 524",20,"70.00%","80.00%",0.00227790432801822
"168","Pocillopora_meandrina_HIv1___RNAseq.g9609.t1","GO:0044325","transmembrane transporter binding",114,1,0.12,0.00751,"Molecular Functions","ptuh-mir-2036","ID=Pocillopora_meandrina_HIv1___RNAseq.g9609.t1::Pocillopora_meandrina_HIv1___Sc0000012:1045067-1046067",159,-21.14,"2 21","502 524",20,"70.00%","80.00%",0.0087719298245614
"169","Pocillopora_meandrina_HIv1___RNAseq.g9609.t1","GO:0048306","calcium-dependent protein binding",44,1,0.05,0.0029,"Molecular Functions","ptuh-mir-2036","ID=Pocillopora_meandrina_HIv1___RNAseq.g9609.t1::Pocillopora_meandrina_HIv1___Sc0000012:1045067-1046067",159,-21.14,"2 21","502 524",20,"70.00%","80.00%",0.0227272727272727
"170","Pocillopora_meandrina_HIv1___TS.g7876.t1","GO:0009976","tocopherol cyclase activity",1,1,0,6.6e-05,"Molecular Functions","ptuh-mir-2036","ID=Pocillopora_meandrina_HIv1___TS.g7876.t1::Pocillopora_meandrina_HIv1___Sc0000016:8887269-8888269",168,-20.58,"2 20","964 988",21,"85.71%","85.71%",1
"171","Pocillopora_meandrina_HIv1___TS.g7876.t1","GO:0016853","isomerase activity",172,1,0.19,0.01131,"Molecular Functions","ptuh-mir-2036","ID=Pocillopora_meandrina_HIv1___TS.g7876.t1::Pocillopora_meandrina_HIv1___Sc0000016:8887269-8888269",168,-20.58,"2 20","964 988",21,"85.71%","85.71%",0.00581395348837209
"172","Pocillopora_meandrina_HIv1___RNAseq.g22401.t1","GO:0004252","serine-type endopeptidase activity",179,1,0.19,0.01177,"Molecular Functions","ptuh-mir-2036","ID=Pocillopora_meandrina_HIv1___RNAseq.g22401.t1::Pocillopora_meandrina_HIv1___Sc0000000:17367175-17368175",180,-25.83,"2 21","154 175",19,"84.21%","89.47%",0.00558659217877095
"173","Pocillopora_meandrina_HIv1___RNAseq.g13215.t1","GO:0001591","dopamine neurotransmitter receptor activity, couple...",20,1,0.02,0.00132,"Molecular Functions","ptuh-mir-2036","ID=Pocillopora_meandrina_HIv1___RNAseq.g13215.t1::Pocillopora_meandrina_HIv1___Sc0000010:3330999-3331999",158,-20.19,"2 21","312 335",21,"71.43%","80.95%",0.05
"174","Pocillopora_meandrina_HIv1___RNAseq.g13215.t1","GO:0004930","G protein-coupled receptor activity",1083,7,1.17,3e-13,"Molecular Functions","ptuh-mir-2036","ID=Pocillopora_meandrina_HIv1___RNAseq.g13215.t1::Pocillopora_meandrina_HIv1___Sc0000010:3330999-3331999",158,-20.19,"2 21","312 335",21,"71.43%","80.95%",0.00646352723915051
"175","Pocillopora_meandrina_HIv1___RNAseq.g12757.t1","GO:0052917","dolichyl-P-Man:Man(7)GlcNAc(2)-PP-dolichol alpha-1,...",1,1,0,6.6e-05,"Molecular Functions","ptuh-mir-2036","ID=Pocillopora_meandrina_HIv1___RNAseq.g12757.t1::Pocillopora_meandrina_HIv1___Sc0000035:2444417-2445417",169,-24.03,"2 21","559 580",20,"85.00%","85.00%",1
"176","Pocillopora_meandrina_HIv1___RNAseq.g14631.t1","GO:0004930","G protein-coupled receptor activity",1083,7,1.17,3e-13,"Molecular Functions","ptuh-mir-2036","ID=Pocillopora_meandrina_HIv1___RNAseq.g14631.t1::Pocillopora_meandrina_HIv1___Sc0000024:76583-77583",156,-20.96,"2 21","915 937",21,"76.19%","80.95%",0.00646352723915051
"177","Pocillopora_meandrina_HIv1___RNAseq.g14631.t1","GO:0005509","calcium ion binding",1156,5,1.24,9.2e-09,"Molecular Functions","ptuh-mir-2036","ID=Pocillopora_meandrina_HIv1___RNAseq.g14631.t1::Pocillopora_meandrina_HIv1___Sc0000024:76583-77583",156,-20.96,"2 21","915 937",21,"76.19%","80.95%",0.00432525951557093
"178","Pocillopora_meandrina_HIv1___RNAseq.g14649.t1","GO:0004930","G protein-coupled receptor activity",1083,7,1.17,3e-13,"Molecular Functions","ptuh-mir-2036","ID=Pocillopora_meandrina_HIv1___RNAseq.g14649.t1::Pocillopora_meandrina_HIv1___Sc0000024:1195778-1196778",156,-20.96,"2 21","915 937",21,"76.19%","80.95%",0.00646352723915051
"179","Pocillopora_meandrina_HIv1___RNAseq.g14649.t1","GO:0005509","calcium ion binding",1156,5,1.24,9.2e-09,"Molecular Functions","ptuh-mir-2036","ID=Pocillopora_meandrina_HIv1___RNAseq.g14649.t1::Pocillopora_meandrina_HIv1___Sc0000024:1195778-1196778",156,-20.96,"2 21","915 937",21,"76.19%","80.95%",0.00432525951557093
