"","m_chrom","m_source","m_type","m_start","m_end","m_strand","m_attr","gf_chrom","gf_source","gf_type","gf_start","gf_end","gf_strand","gf_attr","m_ID","overlap","Locus","Chrom","Start","End","Length","Reads","DistinctSequences","FracTop","Strand","MajorRNA","MajorRNAReads","Short","Long","X21","X22","X23","X24","DicerCall","MIRNA","known_miRNAs","given_miRNA_name","SharedSequence","Notes","gf_ID","blast_hit","evalue","ProteinNames","BiologicalProcess","GeneOntologyIDs"
"1","Porites_evermani_scaffold_1","ShortStack","mature_miRNA",1404272,1404293,"-","ID=Cluster_29.mature;Parent=Cluster_29","Porites_evermani_scaffold_1","Gmove","mRNA",1380413,1416448,"-","ID=Peve_00000077;Name=Peve_00000077;start=1;stop=1;cds_size=1851","Cluster_29",21,"Porites_evermani_scaffold_1:1404250-1404342","Porites_evermani_scaffold_1",1404250,1404342,93,9574,313,0.001880091916,"-","UUAUGCUCUGUAUACUGGUAGU",2849,3870,80,468,4427,685,44,"N","Y",NA,"peve-mir-novel-1",NA,NA,"Peve_00000077","Q17R89",6.92e-133,"Rho GTPase-activating protein 44 (NPC-A-10) (Rho-type GTPase-activating protein RICH2) (RhoGAP interacting with CIP4 homologs protein 2) (RICH-2)","exocytosis [GO:0006887]; modification of dendritic spine [GO:0098886]; modulation of chemical synaptic transmission [GO:0050804]; negative regulation of filopodium assembly [GO:0051490]; negative regulation of Rac protein signal transduction [GO:0035021]; neurotransmitter receptor transport, endosome to postsynaptic membrane [GO:0098887]; regulation of actin cytoskeleton organization [GO:0032956]; regulation of dendritic spine morphogenesis [GO:0061001]; regulation of GTPase activity [GO:0043087]; regulation of neurotransmitter receptor transport, endosome to postsynaptic membrane [GO:0099152]; regulation of small GTPase mediated signal transduction [GO:0051056]; signal transduction [GO:0007165]","GO:0005096; GO:0005543; GO:0005829; GO:0006887; GO:0007165; GO:0014069; GO:0030425; GO:0031256; GO:0031267; GO:0032956; GO:0035021; GO:0043087; GO:0043197; GO:0048786; GO:0050804; GO:0051056; GO:0051490; GO:0055037; GO:0061001; GO:0098886; GO:0098887; GO:0098978; GO:0099152"
"2","Porites_evermani_scaffold_1128","ShortStack","mature_miRNA",125548,125568,"-","ID=Cluster_9915.mature;Parent=Cluster_9915","Porites_evermani_scaffold_1128","Gmove","mRNA",109237,127279,"-","ID=Peve_00002249;Name=Peve_00002249;start=1;stop=1;cds_size=1119","Cluster_9915",20,"Porites_evermani_scaffold_1128:125526-125618","Porites_evermani_scaffold_1128",125526,125618,93,2705,97,0.001478743068,"-","CAUGUGUUAAUUUGGACGAUU",1459,798,0,1727,157,20,3,"N","Y",NA,"peve-mir-novel-25",NA,NA,"Peve_00002249","Q8TCQ1",2.26e-15,"E3 ubiquitin-protein ligase MARCHF1 (EC 2.3.2.27) (Membrane-associated RING finger protein 1) (Membrane-associated RING-CH protein I) (MARCH-I) (RING finger protein 171) (RING-type E3 ubiquitin transferase MARCHF1)","antigen processing and presentation of peptide antigen via MHC class II [GO:0002495]; immune response [GO:0006955]; protein polyubiquitination [GO:0000209]","GO:0000209; GO:0002495; GO:0005737; GO:0005764; GO:0005765; GO:0005768; GO:0005783; GO:0005789; GO:0005794; GO:0005886; GO:0006955; GO:0008270; GO:0031901; GO:0031902; GO:0032588; GO:0042287; GO:0043231; GO:0061630"
"3","Porites_evermani_scaffold_1159","ShortStack","mature_miRNA",6702,6723,"+","ID=Cluster_9991.mature;Parent=Cluster_9991","Porites_evermani_scaffold_1159","Gmove","mRNA",2148,29843,"+","ID=Peve_00002673;Name=Peve_00002673;start=1;stop=1;cds_size=3507","Cluster_9991",21,"Porites_evermani_scaffold_1159:6653-6743","Porites_evermani_scaffold_1159",6653,6743,91,12685,257,0.9926685061," + ","UGAGGUAAUUGUUGUUUAAAACU",2958,2219,44,1348,1785,7260,29,"23","Y",NA,"peve-mir-novel-26",NA,NA,"Peve_00002673","O08912",2.37e-171,"Polypeptide N-acetylgalactosaminyltransferase 1 (EC 2.4.1.41) (Polypeptide GalNAc transferase 1) (GalNAc-T1) (pp-GaNTase 1) (Protein-UDP acetylgalactosaminyltransferase 1) (UDP-GalNAc:polypeptide N-acetylgalactosaminyltransferase 1) [Cleaved into: Polypeptide N-acetylgalactosaminyltransferase 1 soluble form]","protein O-linked glycosylation [GO:0006493]; protein O-linked glycosylation via serine [GO:0018242]; protein O-linked glycosylation via threonine [GO:0018243]","GO:0004653; GO:0005576; GO:0005794; GO:0006493; GO:0018242; GO:0018243; GO:0030145; GO:0030246; GO:0032580; GO:0048471"
"4","Porites_evermani_scaffold_1159","ShortStack","mature_miRNA",7428,7449,"+","ID=Cluster_9992.mature;Parent=Cluster_9992","Porites_evermani_scaffold_1159","Gmove","mRNA",2148,29843,"+","ID=Peve_00002673;Name=Peve_00002673;start=1;stop=1;cds_size=3507","Cluster_9992",21,"Porites_evermani_scaffold_1159:7406-7500","Porites_evermani_scaffold_1159",7406,7500,95,6497,250,1," + ","UAAGGUUGUUGUUGCUUAAAACU",1471,485,79,1337,347,4011,238,"23","Y",NA,"peve-mir-novel-27",NA,NA,"Peve_00002673","O08912",2.37e-171,"Polypeptide N-acetylgalactosaminyltransferase 1 (EC 2.4.1.41) (Polypeptide GalNAc transferase 1) (GalNAc-T1) (pp-GaNTase 1) (Protein-UDP acetylgalactosaminyltransferase 1) (UDP-GalNAc:polypeptide N-acetylgalactosaminyltransferase 1) [Cleaved into: Polypeptide N-acetylgalactosaminyltransferase 1 soluble form]","protein O-linked glycosylation [GO:0006493]; protein O-linked glycosylation via serine [GO:0018242]; protein O-linked glycosylation via threonine [GO:0018243]","GO:0004653; GO:0005576; GO:0005794; GO:0006493; GO:0018242; GO:0018243; GO:0030145; GO:0030246; GO:0032580; GO:0048471"
"5","Porites_evermani_scaffold_138","ShortStack","mature_miRNA",127966,127987,"+","ID=Cluster_2770.mature;Parent=Cluster_2770","Porites_evermani_scaffold_138","Gmove","mRNA",114562,186450,"+","ID=Peve_00005902;Name=Peve_00005902;start=1;stop=1;cds_size=8289","Cluster_2770",21,"Porites_evermani_scaffold_138:127944-128038","Porites_evermani_scaffold_138",127944,128038,95,3344,133,1," + ","UCACUGAAGCCGUCUAUCUUGAU",924,878,108,125,887,1116,230,"N","Y",NA,"peve-mir-novel-4",NA,NA,"Peve_00005902","Q8TEP8",7.31e-152,"Centrosomal protein of 192 kDa (Cep192) (Cep192/SPD-2)","centriole replication [GO:0007099]; centrosome-templated microtubule nucleation [GO:0090222]; mitotic spindle assembly [GO:0090307]; protein localization to centrosome [GO:0071539]; response to bacterium [GO:0009617]","GO:0000242; GO:0005737; GO:0005813; GO:0005814; GO:0005829; GO:0007099; GO:0009617; GO:0019901; GO:0019902; GO:0071539; GO:0090222; GO:0090307; GO:0120098; GO:0120099"
"6","Porites_evermani_scaffold_1415","ShortStack","mature_miRNA",72071,72092,"+","ID=Cluster_10850.mature;Parent=Cluster_10850","Porites_evermani_scaffold_1415","Gmove","mRNA",54574,77863,"+","ID=Peve_00006453;Name=Peve_00006453;start=1;stop=1;cds_size=5052","Cluster_10850",21,"Porites_evermani_scaffold_1415:72049-72142","Porites_evermani_scaffold_1415",72049,72142,94,732,71,1," + ","ACAGGUGAAUGUUGUGUGAUCGCU",224,153,21,75,53,168,262,"N","Y",NA,"peve-mir-novel-28",NA,NA,"Peve_00006453","A0A1L8EYB2",2.98e-160,"Dynein axonemal assembly factor 8 (Dynein axonemal-associated protein 1)","outer dynein arm assembly [GO:0036158]","GO:0005813; GO:0036158; GO:0070840; GO:0120293"
"7","Porites_evermani_scaffold_1429","ShortStack","mature_miRNA",47285,47306,"-","ID=Cluster_10882.mature;Parent=Cluster_10882","Porites_evermani_scaffold_1429","Gmove","mRNA",48,56807,"-","ID=Peve_00006602;Name=Peve_00006602;start=1;stop=0;cds_size=11085","Cluster_10882",21,"Porites_evermani_scaffold_1429:47235-47326","Porites_evermani_scaffold_1429",47235,47326,92,13224,205,0,"-","UGCAUCACUAAAAUUUCUCAAU",6555,4484,5,227,7951,495,62,"N","Y",NA,"peve-mir-novel-29",NA,NA,"Peve_00006602","Q27802",0,"Cytoplasmic dynein 2 heavy chain 1 (Dynein heavy chain isotype 1B)","cell projection organization [GO:0030030]; microtubule-based movement [GO:0007018]; organelle organization [GO:0006996]","GO:0005524; GO:0005737; GO:0005874; GO:0005886; GO:0005929; GO:0006996; GO:0007018; GO:0008569; GO:0030030; GO:0030286; GO:0045505; GO:0051959"
"8","Porites_evermani_scaffold_145","ShortStack","mature_miRNA",5406,5427,"+","ID=Cluster_2837.mature;Parent=Cluster_2837","Porites_evermani_scaffold_145","Gmove","mRNA",303,4364,"+","ID=Peve_00006824;Name=Peve_00006824;start=1;stop=1;cds_size=462","Cluster_2837",-1042,"Porites_evermani_scaffold_145:5384-5473","Porites_evermani_scaffold_145",5384,5473,90,455,49,0.8505494505," + ","UCUAAAUCCGGAUUUCCCAAUCG",63,79,8,118,100,134,16,"23","Y",NA,"peve-mir-novel-5",NA,NA,"Peve_00006824",NA,NA,NA,NA,NA
"9","Porites_evermani_scaffold_148","ShortStack","mature_miRNA",94583,94604,"-","ID=Cluster_2871.mature;Parent=Cluster_2871","Porites_evermani_scaffold_148","Gmove","mRNA",92028,98639,"-","ID=Peve_00007217;Name=Peve_00007217;start=1;stop=1;cds_size=1047","Cluster_2871",21,"Porites_evermani_scaffold_148:94531-94624","Porites_evermani_scaffold_148",94531,94624,94,7981,155,0,"-","UAAUUGUCCUUUAGUGUUUGU",5087,481,8,6125,241,968,158,"21","Y",NA,"peve-mir-novel-6",NA,NA,"Peve_00007217","Q9CYU6",6.99e-86,"Diphthine methyltransferase (EC 3.1.1.97) (Diphthamide biosynthesis protein 7) (DPH7) (WD repeat-containing protein 85)","protein histidyl modification to diphthamide [GO:0017183]","GO:0005737; GO:0017183; GO:0061685"
"10","Porites_evermani_scaffold_1503","ShortStack","mature_miRNA",47580,47601,"+","ID=Cluster_11045.mature;Parent=Cluster_11045","Porites_evermani_scaffold_1503","Gmove","mRNA",42025,72148,"+","ID=Peve_00007592;Name=Peve_00007592;start=1;stop=1;cds_size=4173","Cluster_11045",21,"Porites_evermani_scaffold_1503:47558-47651","Porites_evermani_scaffold_1503",47558,47651,94,54744,235,1," + ","UCAAGUCUAGGCUGGUUAGUUU",43003,1714,36,2952,48769,1092,181,"22","Y","spi-mir-temp-15_Stylophora_pistillata_Liew_et_al._2014_NA;spi-miR-L-temp-15_Stylophora_pistillata_Praher_et_al._2021_NA","peve-mir-novel-30",NA,NA,"Peve_00007592","Q6A000",3.77e-39,"Protein moonraker (MNR)","centriole replication [GO:0007099]; cilium assembly [GO:0060271]; cytosolic ciliogenesis [GO:0061824]; protein localization to centrosome [GO:0071539]","GO:0005737; GO:0007099; GO:0034451; GO:0060271; GO:0061824; GO:0071539"
"11","Porites_evermani_scaffold_1503","ShortStack","mature_miRNA",47771,47792,"+","ID=Cluster_11046.mature;Parent=Cluster_11046","Porites_evermani_scaffold_1503","Gmove","mRNA",42025,72148,"+","ID=Peve_00007592;Name=Peve_00007592;start=1;stop=1;cds_size=4173","Cluster_11046",21,"Porites_evermani_scaffold_1503:47749-47842","Porites_evermani_scaffold_1503",47749,47842,94,208017,404,1," + ","UCAGGUCUAGGCUGGUUAGUUU",151883,8155,251,19578,172561,6956,516,"22","Y",NA,"peve-mir-novel-31",NA,NA,"Peve_00007592","Q6A000",3.77e-39,"Protein moonraker (MNR)","centriole replication [GO:0007099]; cilium assembly [GO:0060271]; cytosolic ciliogenesis [GO:0061824]; protein localization to centrosome [GO:0071539]","GO:0005737; GO:0007099; GO:0034451; GO:0060271; GO:0061824; GO:0071539"
"12","Porites_evermani_scaffold_16","ShortStack","mature_miRNA",383437,383458,"-","ID=Cluster_578.mature;Parent=Cluster_578","Porites_evermani_scaffold_16","Gmove","mRNA",363081,391056,"-","ID=Peve_00008791;Name=Peve_00008791;start=1;stop=1;cds_size=4689","Cluster_578",21,"Porites_evermani_scaffold_16:383386-383478","Porites_evermani_scaffold_16",383386,383478,93,4060,194,0,"-","UUAAGGGCCUGGGAGAGAGAAG",1239,1297,46,158,1819,699,41,"N","Y",NA,"peve-mir-novel-2",NA,NA,"Peve_00008791","Q5THR3",0,"EF-hand calcium-binding domain-containing protein 6 (CAP-binding protein complex-interacting protein 1) (DJ-1-binding protein) (DJBP)","","GO:0005509; GO:0005654; GO:0160111"
"13","Porites_evermani_scaffold_1732","ShortStack","mature_miRNA",76504,76525,"+","ID=Cluster_11890.mature;Parent=Cluster_11890","Porites_evermani_scaffold_1732","Gmove","mRNA",72130,79666,"+","ID=Peve_00010404;Name=Peve_00010404;start=1;stop=1;cds_size=774","Cluster_11890",21,"Porites_evermani_scaffold_1732:76482-76574","Porites_evermani_scaffold_1732",76482,76574,93,1108,120,0.9972924188," + ","UUAUGCAGAAAGUAAUAGUUCA",171,262,101,279,335,96,35,"N","Y",NA,"peve-mir-novel-32",NA,NA,"Peve_00010404","Q5XJS5",4.57e-55,"THO complex subunit 6 homolog (WD repeat-containing protein 58)","apoptotic process [GO:0006915]; mRNA export from nucleus [GO:0006406]; mRNA processing [GO:0006397]; RNA splicing [GO:0008380]","GO:0000346; GO:0000347; GO:0003723; GO:0006397; GO:0006406; GO:0006915; GO:0008380; GO:0016607"
"14","Porites_evermani_scaffold_253","ShortStack","mature_miRNA",200965,200986,"+","ID=Cluster_4063.mature;Parent=Cluster_4063","Porites_evermani_scaffold_253","Gmove","mRNA",184195,221796,"+","ID=Peve_00018698;Name=Peve_00018698;start=1;stop=1;cds_size=2292","Cluster_4063",21,"Porites_evermani_scaffold_253:200943-201039","Porites_evermani_scaffold_253",200943,201039,97,44919,609,0.9996883279," + ","UAGAAAACUCGUGUACGUGACCCU",6501,15379,2459,1384,8810,6454,10433,"N","Y",NA,"peve-mir-novel-7",NA,NA,"Peve_00018698","Q96NL6",2.11e-88,"Sodium channel and clathrin linker 1 (Sodium channel-associated protein 1)","cilium assembly [GO:0060271]; clustering of voltage-gated sodium channels [GO:0045162]","GO:0005813; GO:0005814; GO:0005829; GO:0017080; GO:0030276; GO:0045162; GO:0060271; GO:0071439; GO:0097539"
"15","Porites_evermani_scaffold_253","ShortStack","mature_miRNA",202286,202307,"+","ID=Cluster_4064.mature;Parent=Cluster_4064","Porites_evermani_scaffold_253","Gmove","mRNA",184195,221796,"+","ID=Peve_00018698;Name=Peve_00018698;start=1;stop=1;cds_size=2292","Cluster_4064",21,"Porites_evermani_scaffold_253:202235-202327","Porites_evermani_scaffold_253",202235,202327,93,62077,551,0.9997583646," + ","UAAAAAACUCGUCGACGUGA",17855,48012,477,3646,7017,1001,1924,"N","Y",NA,"peve-mir-novel-8",NA,NA,"Peve_00018698","Q96NL6",2.11e-88,"Sodium channel and clathrin linker 1 (Sodium channel-associated protein 1)","cilium assembly [GO:0060271]; clustering of voltage-gated sodium channels [GO:0045162]","GO:0005813; GO:0005814; GO:0005829; GO:0017080; GO:0030276; GO:0045162; GO:0060271; GO:0071439; GO:0097539"
"16","Porites_evermani_scaffold_257","ShortStack","mature_miRNA",110361,110382,"-","ID=Cluster_4097.mature;Parent=Cluster_4097","Porites_evermani_scaffold_257","Gmove","mRNA",62092,117883,"-","ID=Peve_00018966;Name=Peve_00018966;start=1;stop=1;cds_size=4011","Cluster_4097",21,"Porites_evermani_scaffold_257:110308-110402","Porites_evermani_scaffold_257",110308,110402,95,20983,515,0,"-","AAGCACAACAUUAAUAGGAGU",8549,2893,133,11313,2394,3473,777,"21","Y",NA,"peve-mir-novel-9",NA,NA,"Peve_00018966","Q68CZ1",0,"Protein fantom (Nephrocystin-8) (RPGR-interacting protein 1-like protein) (RPGRIP1-like protein)","cerebellum development [GO:0021549]; cochlea development [GO:0090102]; corpus callosum development [GO:0022038]; determination of left/right symmetry [GO:0007368]; embryonic forelimb morphogenesis [GO:0035115]; embryonic hindlimb morphogenesis [GO:0035116]; establishment of planar polarity [GO:0001736]; establishment or maintenance of cell polarity [GO:0007163]; in utero embryonic development [GO:0001701]; kidney development [GO:0001822]; lateral ventricle development [GO:0021670]; liver development [GO:0001889]; negative regulation of G protein-coupled receptor signaling pathway [GO:0045744]; neural tube patterning [GO:0021532]; non-motile cilium assembly [GO:1905515]; nose development [GO:0043584]; olfactory bulb development [GO:0021772]; pericardium development [GO:0060039]; regulation of smoothened signaling pathway [GO:0008589]; retinal rod cell development [GO:0046548]","GO:0001701; GO:0001736; GO:0001822; GO:0001889; GO:0005654; GO:0005737; GO:0005813; GO:0005829; GO:0005879; GO:0005886; GO:0005911; GO:0005923; GO:0005929; GO:0005930; GO:0007163; GO:0007368; GO:0008589; GO:0021532; GO:0021549; GO:0021670; GO:0021772; GO:0022038; GO:0031870; GO:0032391; GO:0035115; GO:0035116; GO:0035253; GO:0035869; GO:0036064; GO:0043584; GO:0045744; GO:0046548; GO:0060039; GO:0090102; GO:1905515"
"17","Porites_evermani_scaffold_2595","ShortStack","mature_miRNA",68591,68612,"-","ID=Cluster_14130.mature;Parent=Cluster_14130","Porites_evermani_scaffold_2595","Gmove","mRNA",62698,65205,"+","ID=Peve_00019183;Name=Peve_00019183;start=1;stop=1;cds_size=2508","Cluster_14130",-3386,"Porites_evermani_scaffold_2595:68540-68632","Porites_evermani_scaffold_2595",68540,68632,93,154,19,0.01298701299,"-","UCUGAGUCAAUAGCCCAUUCUG",112,0,27,1,125,1,0,"22","Y",NA,"peve-mir-novel-33",NA,NA,"Peve_00019183","Q9J569",2.89e-22,"Putative ankyrin repeat protein FPV162","",""
"18","Porites_evermani_scaffold_26","ShortStack","mature_miRNA",382572,382593,"-","ID=Cluster_786.mature;Parent=Cluster_786","Porites_evermani_scaffold_26","Gmove","mRNA",378058,392680,"-","ID=Peve_00019270;Name=Peve_00019270;start=1;stop=1;cds_size=1956","Cluster_786",21,"Porites_evermani_scaffold_26:382550-382645","Porites_evermani_scaffold_26",382550,382645,96,93348,537,2.14e-05,"-","UCUCAGCUCACCAAUCUCUGCU",55070,3610,1891,2578,71538,12756,975,"22","Y",NA,"peve-mir-novel-3",NA,NA,"Peve_00019270","Q32N22",2.75e-30,"TATA box-binding protein-associated factor RNA polymerase I subunit B (RNA polymerase I-specific TBP-associated factor 63 kDa) (TAFI63) (TATA box-binding protein-associated factor 1B) (TBP-associated factor 1B)","nucleolar large rRNA transcription by RNA polymerase I [GO:0042790]; RNA polymerase I preinitiation complex assembly [GO:0001188]","GO:0001164; GO:0001188; GO:0005668; GO:0042790; GO:0046872; GO:0070860"
"19","Porites_evermani_scaffold_2738","ShortStack","mature_miRNA",56885,56906,"+","ID=Cluster_14362.mature;Parent=Cluster_14362","Porites_evermani_scaffold_2738","Gmove","mRNA",52051,60414,"+","ID=Peve_00020407;Name=Peve_00020407;start=1;stop=1;cds_size=792","Cluster_14362",21,"Porites_evermani_scaffold_2738:56836-56926","Porites_evermani_scaffold_2738",56836,56926,91,189,33,1," + ","UUUCUCUAAUCUCUAUGG",56,86,1,27,51,11,13,"N","Y",NA,"peve-mir-novel-34",NA,NA,"Peve_00020407","Q9D415",6.01e-29,"Disks large-associated protein 1 (DAP-1) (Guanylate kinase-associated protein) (PSD-95/SAP90-binding protein 1) (SAP90/PSD-95-associated protein 1) (SAPAP1)","aggresome assembly [GO:0070842]; chemical synaptic transmission [GO:0007268]; modulation of chemical synaptic transmission [GO:0050804]; protein localization to synapse [GO:0035418]; regulation of proteasomal protein catabolic process [GO:0061136]","GO:0007268; GO:0014069; GO:0019904; GO:0035418; GO:0044877; GO:0045202; GO:0045211; GO:0050804; GO:0060090; GO:0061136; GO:0070842; GO:0098919; GO:0098978; GO:0099092; GO:0099572"
"20","Porites_evermani_scaffold_3072","ShortStack","mature_miRNA",29480,29501,"+","ID=Cluster_14865.mature;Parent=Cluster_14865","Porites_evermani_scaffold_3072","Gmove","mRNA",32570,40695,"-","ID=Peve_00023162;Name=Peve_00023162;start=1;stop=1;cds_size=1293","Cluster_14865",-3069,"Porites_evermani_scaffold_3072:29428-29521","Porites_evermani_scaffold_3072",29428,29521,94,588,33,1," + ","AUUUUUAGCCCGCGGAAGUUGC",317,18,0,26,498,46,0,"22","Y","ami-nve-F-miR-2025-3p_Acropora_millepora_Praher_et_al._2021_NA;Adi-Mir-2025_3p_Acropora_digitifera_Gajigan_&_Conaco_2017_nve-miR-2025-3p;_nve-miR-2025-3p;adi-nve-F-miR-2025_Acropora_digitifera__Praher_et_al._2021_NA","peve-mir-2025","apul-mir-2025; ptuh-mir-2025",NA,"Peve_00023162","Q8BI21",3.6e-31,"E3 ubiquitin-protein ligase RNF38 (EC 2.3.2.27) (RING finger protein 38) (RING-type E3 ubiquitin transferase RNF38)","protein ubiquitination [GO:0016567]","GO:0005654; GO:0016567; GO:0036126; GO:0046872; GO:0061630"
"21","Porites_evermani_scaffold_316","ShortStack","mature_miRNA",88465,88486,"-","ID=Cluster_4617.mature;Parent=Cluster_4617","Porites_evermani_scaffold_316","Gmove","mRNA",75224,97019,"-","ID=Peve_00023764;Name=Peve_00023764;start=1;stop=1;cds_size=2154","Cluster_4617",21,"Porites_evermani_scaffold_316:88415-88506","Porites_evermani_scaffold_316",88415,88506,92,1450,72,0,"-","UCCCCGCCAGGAAUUCUUGUAUU",468,169,19,106,552,590,14,"23","Y",NA,"peve-mir-novel-10",NA,NA,"Peve_00023764","Q6TNS2",6.8e-81,"p21-activated protein kinase-interacting protein 1-like (PAK1-interacting protein 1-like)","negative regulation of signal transduction [GO:0009968]; ribosomal large subunit biogenesis [GO:0042273]","GO:0005730; GO:0009968; GO:0042273"
"22","Porites_evermani_scaffold_334","ShortStack","mature_miRNA",153605,153626,"-","ID=Cluster_4722.mature;Parent=Cluster_4722","Porites_evermani_scaffold_334","Gmove","mRNA",151380,156016,"-","ID=Peve_00024908;Name=Peve_00024908;start=1;stop=1;cds_size=465","Cluster_4722",21,"Porites_evermani_scaffold_334:153554-153646","Porites_evermani_scaffold_334",153554,153646,93,1061,119,0.06503298775,"-","UGCAGGUACAGUUAUAAGGU",75,500,3,196,266,90,6,"N","Y",NA,"peve-mir-novel-11",NA,NA,"Peve_00024908","Q8LGG8",7.95e-11,"Universal stress protein A-like protein","","GO:0005829; GO:0005886; GO:0016208"
"23","Porites_evermani_scaffold_3707","ShortStack","mature_miRNA",36124,36145,"-","ID=Cluster_15601.mature;Parent=Cluster_15601","Porites_evermani_scaffold_3707","Gmove","mRNA",4140,33741,"-","ID=Peve_00027156;Name=Peve_00027156;start=1;stop=1;cds_size=4080","Cluster_15601",-2383,"Porites_evermani_scaffold_3707:36102-36199","Porites_evermani_scaffold_3707",36102,36199,98,1730,68,0,"-","UUGAACACUGAAACCCUGU",608,968,7,96,576,33,50,"N","Y",NA,"peve-mir-novel-35",NA,NA,"Peve_00027156","Q5TYW4",0,"NBAS subunit of NRZ tethering complex (Neuroblastoma-amplified gene protein homolog) (Neuroblastoma-amplified sequence)","chordate embryonic development [GO:0043009]; embryonic viscerocranium morphogenesis [GO:0048703]; negative regulation of nuclear-transcribed mRNA catabolic process, nonsense-mediated decay [GO:2000623]; nuclear-transcribed mRNA catabolic process [GO:0000956]; nuclear-transcribed mRNA catabolic process, nonsense-mediated decay [GO:0000184]; protein transport [GO:0015031]; retrograde vesicle-mediated transport, Golgi to endoplasmic reticulum [GO:0006890]","GO:0000149; GO:0000184; GO:0000956; GO:0006890; GO:0015031; GO:0043009; GO:0048703; GO:0070939; GO:2000623"
"24","Porites_evermani_scaffold_3893","ShortStack","mature_miRNA",3849,3870,"-","ID=Cluster_15760.mature;Parent=Cluster_15760","Porites_evermani_scaffold_3893","Gmove","mRNA",4163,12719,"-","ID=Peve_00028106;Name=Peve_00028106;start=1;stop=1;cds_size=669","Cluster_15760",-293,"Porites_evermani_scaffold_3893:3797-3890","Porites_evermani_scaffold_3893",3797,3890,94,1787,140,0.1152770006,"-","UUAAGAAUAUCAGUGAUAGGGA",429,375,0,404,574,358,76,"N","Y",NA,"peve-mir-novel-36",NA,NA,"Peve_00028106","Q9D9S1",9.52e-44,"UPF0193 protein EVG1 homolog","",""
"25","Porites_evermani_scaffold_430","ShortStack","mature_miRNA",205887,205909,"-","ID=Cluster_5540.mature;Parent=Cluster_5540","Porites_evermani_scaffold_430","Gmove","mRNA",166240,198633,"+","ID=Peve_00030448;Name=Peve_00030448;start=1;stop=0;cds_size=2292","Cluster_5540",-7254,"Porites_evermani_scaffold_430:205865-205960","Porites_evermani_scaffold_430",205865,205960,96,2539,137,0,"-","UAUAUUGUACGACUCUCAUC",600,1259,46,46,107,480,601,"N","Y","spi-mir-temp-30_Stylophora_pistillata_Liew_et_al._2014_Close_match_of_nve-miR-2036.;spi-nve-F-miR-2036_Stylophora_pistillata_Praher_et_al._2021_NA;ami-nve-F-miR-2036-3p_Acropora_millepora_Praher_et_al._2021_NA;Adi-Mir-2036_3p_Acropora_digitifera_Gajigan_&_Conaco_2017_nve-miR-2036-3p;_nve-miR-2036-3p;_spi-miR-temp-30;eca-nve-F-miR-2036_Edwardsiella_carnea_Praher_et_al._2021_Transcriptome-level","peve-mir-2036","apul-mir-2036; ptuh-mir-2036",NA,"Peve_00030448","Q28C55",0,"Disks large homolog 1","chemical synaptic transmission [GO:0007268]","GO:0005789; GO:0007268; GO:0016324; GO:0019900; GO:0031594; GO:0043005; GO:0070161"
"26","Porites_evermani_scaffold_442","ShortStack","mature_miRNA",239763,239784,"-","ID=Cluster_5636.mature;Parent=Cluster_5636","Porites_evermani_scaffold_442","Gmove","mRNA",226746,261065,"-","ID=Peve_00031080;Name=Peve_00031080;start=1;stop=1;cds_size=4155","Cluster_5636",21,"Porites_evermani_scaffold_442:239713-239804","Porites_evermani_scaffold_442",239713,239804,92,247,39,0.04858299595,"-","UAUGGAGAUCGAGGAUGGCAUU",141,23,22,31,163,6,2,"22","Y",NA,"peve-mir-novel-12",NA,NA,"Peve_00031080","Q8NDA2",2.13e-89,"Hemicentin-2","homophilic cell adhesion via plasma membrane adhesion molecules [GO:0007156]; synapse organization [GO:0050808]","GO:0005509; GO:0005576; GO:0005886; GO:0007156; GO:0008046; GO:0030424; GO:0032154; GO:0043025; GO:0050808; GO:0062023"
"27","Porites_evermani_scaffold_461","ShortStack","mature_miRNA",215508,215529,"+","ID=Cluster_5849.mature;Parent=Cluster_5849","Porites_evermani_scaffold_461","Gmove","mRNA",195335,219054,"+","ID=Peve_00031963;Name=Peve_00031963;start=1;stop=1;cds_size=2247","Cluster_5849",21,"Porites_evermani_scaffold_461:215454-215549","Porites_evermani_scaffold_461",215454,215549,96,1340,81,1," + ","CGGUUCUUGUAUGCUGUUCUAAU",605,379,46,26,176,680,33,"N","Y",NA,"peve-mir-novel-13",NA,NA,"Peve_00031963","Q2KIA5",0,"Dynamin-1-like protein (EC 3.6.5.5)","endocytosis [GO:0006897]; intracellular distribution of mitochondria [GO:0048312]; mitochondrial fission [GO:0000266]; mitochondrial fragmentation involved in apoptotic process [GO:0043653]; necroptotic process [GO:0070266]; peroxisome fission [GO:0016559]; protein complex oligomerization [GO:0051259]; rhythmic process [GO:0048511]","GO:0000266; GO:0003924; GO:0005525; GO:0005737; GO:0005739; GO:0005741; GO:0005777; GO:0005794; GO:0005829; GO:0005874; GO:0005905; GO:0006897; GO:0008017; GO:0008289; GO:0016020; GO:0016559; GO:0030672; GO:0042802; GO:0042803; GO:0043653; GO:0048312; GO:0048511; GO:0051259; GO:0070266"
"28","Porites_evermani_scaffold_47","ShortStack","mature_miRNA",475994,476015,"-","ID=Cluster_1125.mature;Parent=Cluster_1125","Porites_evermani_scaffold_47","Gmove","mRNA",472594,482329,"-","ID=Peve_00032303;Name=Peve_00032303;start=1;stop=1;cds_size=1728","Cluster_1125",21,"Porites_evermani_scaffold_47:475972-476066","Porites_evermani_scaffold_47",475972,476066,95,3061,140,0.000326690624,"-","UAAUUAUAUCAGAAGGAAGAAGA",1119,334,114,218,268,1384,743,"23","Y",NA,"peve-mir-novel-4",NA,NA,"Peve_00032303","Q10473",7.57e-162,"Polypeptide N-acetylgalactosaminyltransferase 1 (EC 2.4.1.41) (Polypeptide GalNAc transferase 1) (GalNAc-T1) (pp-GaNTase 1) (Protein-UDP acetylgalactosaminyltransferase 1) (UDP-GalNAc:polypeptide N-acetylgalactosaminyltransferase 1) [Cleaved into: Polypeptide N-acetylgalactosaminyltransferase 1 soluble form]","protein O-linked glycosylation [GO:0006493]; protein O-linked glycosylation via serine [GO:0018242]; protein O-linked glycosylation via threonine [GO:0018243]","GO:0004653; GO:0005576; GO:0005794; GO:0006493; GO:0018242; GO:0018243; GO:0030145; GO:0030246; GO:0032580; GO:0048471"
"29","Porites_evermani_scaffold_4805","ShortStack","mature_miRNA",3258,3279,"-","ID=Cluster_16267.mature;Parent=Cluster_16267","Porites_evermani_scaffold_4805","Gmove","mRNA",4859,9462,"-","ID=Peve_00032789;Name=Peve_00032789;start=1;stop=1;cds_size=1011","Cluster_16267",-1580,"Porites_evermani_scaffold_4805:3236-3327","Porites_evermani_scaffold_4805",3236,3327,92,156,23,0,"-","GGCGUUUUUAGGGGAGCUCGUU",35,3,1,30,76,43,3,"22","Y",NA,"peve-mir-novel-37",NA,NA,"Peve_00032789",NA,NA,NA,NA,NA
"30","Porites_evermani_scaffold_49","ShortStack","mature_miRNA",151640,151661,"-","ID=Cluster_1153.mature;Parent=Cluster_1153","Porites_evermani_scaffold_49","Gmove","mRNA",147531,165944,"-","ID=Peve_00033113;Name=Peve_00033113;start=1;stop=1;cds_size=390","Cluster_1153",21,"Porites_evermani_scaffold_49:151587-151681","Porites_evermani_scaffold_49",151587,151681,95,267836,483,0,"-","UCCCGUAGAUCCGAACUUGU",173986,216104,92,14714,35566,1169,191,"N","Y","ami-nve-F-miR-100-5p_Acropora_millepora_Praher_et_al._2021_NA;Adi-Mir-100_5p_Acropora_digitifera_Gajigan_&_Conaco_2017_mir-100;_spi-miR-temp-1;adi-nve-F-miR-100_Acropora_digitifera__Praher_et_al._2021_NA","peve-mir-100","apul-mir-100; ptuh-mir-100",NA,"Peve_00033113",NA,NA,NA,NA,NA
"31","Porites_evermani_scaffold_5010","ShortStack","mature_miRNA",12392,12413,"+","ID=Cluster_16348.mature;Parent=Cluster_16348","Porites_evermani_scaffold_5010","Gmove","mRNA",9378,18423,"+","ID=Peve_00033704;Name=Peve_00033704;start=1;stop=0;cds_size=2103","Cluster_16348",21,"Porites_evermani_scaffold_5010:12339-12433","Porites_evermani_scaffold_5010",12339,12433,95,2367,136,0.9949302915," + ","UUAUAUUAUAGACUUUCCUUGU",733,599,1,589,995,138,45,"N","Y",NA,"peve-mir-novel-38",NA,NA,"Peve_00033704","Q8C0W1",3.05e-66,"Ankyrin repeat and MYND domain-containing protein 1","","GO:0046872"
"32","Porites_evermani_scaffold_502","ShortStack","mature_miRNA",58997,59018,"-","ID=Cluster_6211.mature;Parent=Cluster_6211","Porites_evermani_scaffold_502","Gmove","mRNA",44703,87413,"-","ID=Peve_00033721;Name=Peve_00033721;start=1;stop=0;cds_size=27579","Cluster_6211",21,"Porites_evermani_scaffold_502:58948-59038","Porites_evermani_scaffold_502",58948,59038,91,554,39,0,"-","UAGCAUAACAUUGUAAG",345,391,2,16,42,103,0,"N","Y","ami-nve-F-miR-2030-5p_Acropora_millepora_Praher_et_al._2021_NA;Adi-Mir-2030_5p_Acropora_digitifera_Gajigan_&_Conaco_2017_nve-miR-2030-5p;_nve-miR-2030-5p;_spi-miR-temp-40;adi-nve-F-miR-2030_Acropora_digitifera__Praher_et_al._2021_NA;spi-mir-temp-40_Stylophora_pistillata_Liew_et_al._2014_Close_match_of_nve-miR-2030;eca-nve-F-miR-2030_Edwardsiella_carnea_Praher_et_al._2021_Transcriptome-level;miR-2030_Nematostella_vectensis_Moran_et_al._2014_NA","peve-mir-2030","apul-mir-2030",NA,"Peve_00033721","O88281",3.97e-49,"Multiple epidermal growth factor-like domains protein 6 (Multiple EGF-like domains protein 6) (Epidermal growth factor-like protein 3) (EGF-like protein 3)","","GO:0005044; GO:0005509; GO:0005576"
"33","Porites_evermani_scaffold_590","ShortStack","mature_miRNA",199158,199179,"+","ID=Cluster_6865.mature;Parent=Cluster_6865","Porites_evermani_scaffold_590","Gmove","mRNA",184464,225363,"+","ID=Peve_00036728;Name=Peve_00036728;start=1;stop=1;cds_size=3369","Cluster_6865",21,"Porites_evermani_scaffold_590:199106-199199","Porites_evermani_scaffold_590",199106,199199,94,2922,132,1," + ","UCACGAAUGGCUAGCGCACGAUU",955,684,18,127,957,1120,16,"N","Y",NA,"peve-mir-novel-14a",NA,"Same sequence as apul-mir-novel-14b","Peve_00036728","Q5XPI4",2.24e-137,"E3 ubiquitin-protein ligase RNF123 (EC 2.3.2.27) (Kip1 ubiquitination-promoting complex protein 1) (RING finger protein 123)","protein maturation [GO:0051604]; protein polyubiquitination [GO:0000209]; proteolysis involved in protein catabolic process [GO:0051603]; ubiquitin-dependent protein catabolic process [GO:0006511]","GO:0000209; GO:0004842; GO:0005737; GO:0005829; GO:0006511; GO:0031965; GO:0046872; GO:0051603; GO:0051604; GO:0061630"
"34","Porites_evermani_scaffold_590","ShortStack","mature_miRNA",199392,199413,"+","ID=Cluster_6866.mature;Parent=Cluster_6866","Porites_evermani_scaffold_590","Gmove","mRNA",184464,225363,"+","ID=Peve_00036728;Name=Peve_00036728;start=1;stop=1;cds_size=3369","Cluster_6866",21,"Porites_evermani_scaffold_590:199370-199465","Porites_evermani_scaffold_590",199370,199465,96,1392,86,1," + ","UCACGAAUGGCUAGCGCACGAUU",463,338,0,74,279,642,59,"N","Y",NA,"peve-mir-novel-14b",NA,"Same sequence as apul-mir-novel-14a","Peve_00036728","Q5XPI4",2.24e-137,"E3 ubiquitin-protein ligase RNF123 (EC 2.3.2.27) (Kip1 ubiquitination-promoting complex protein 1) (RING finger protein 123)","protein maturation [GO:0051604]; protein polyubiquitination [GO:0000209]; proteolysis involved in protein catabolic process [GO:0051603]; ubiquitin-dependent protein catabolic process [GO:0006511]","GO:0000209; GO:0004842; GO:0005737; GO:0005829; GO:0006511; GO:0031965; GO:0046872; GO:0051603; GO:0051604; GO:0061630"
"35","Porites_evermani_scaffold_590","ShortStack","mature_miRNA",199855,199876,"+","ID=Cluster_6867.mature;Parent=Cluster_6867","Porites_evermani_scaffold_590","Gmove","mRNA",184464,225363,"+","ID=Peve_00036728;Name=Peve_00036728;start=1;stop=1;cds_size=3369","Cluster_6867",21,"Porites_evermani_scaffold_590:199803-199896","Porites_evermani_scaffold_590",199803,199896,94,2865,134,1," + ","UCACGAAUGGCUAGUGCACGAUU",1102,489,1,213,822,1309,31,"23","Y",NA,"peve-mir-novel-15",NA,NA,"Peve_00036728","Q5XPI4",2.24e-137,"E3 ubiquitin-protein ligase RNF123 (EC 2.3.2.27) (Kip1 ubiquitination-promoting complex protein 1) (RING finger protein 123)","protein maturation [GO:0051604]; protein polyubiquitination [GO:0000209]; proteolysis involved in protein catabolic process [GO:0051603]; ubiquitin-dependent protein catabolic process [GO:0006511]","GO:0000209; GO:0004842; GO:0005737; GO:0005829; GO:0006511; GO:0031965; GO:0046872; GO:0051603; GO:0051604; GO:0061630"
"36","Porites_evermani_scaffold_594","ShortStack","mature_miRNA",158230,158250,"+","ID=Cluster_6875.mature;Parent=Cluster_6875","Porites_evermani_scaffold_594","Gmove","mRNA",161745,164620,"+","ID=Peve_00036810;Name=Peve_00036810;start=1;stop=1;cds_size=1287","Cluster_6875",-3495,"Porites_evermani_scaffold_594:158176-158270","Porites_evermani_scaffold_594",158176,158270,95,44621,367,1," + ","AAAGAAGUACAAGUGGUAGGG",12472,24242,0,16334,3821,216,8,"N","Y","nve-miR-2023-3p;spi-mir-temp-4_Stylophora_pistillata_Liew_et_al._2014_Exact_match_of_nve-miR-2023.;apa-mir-2023_Exaiptasia_pallida_Baumgarten_et_al._2017_miR-2023;_Nve;_Spis;_Adi;mse-nve-F-miR-2023_Metridium_senile_Praher_et_al._2021_Transcriptome-level;sca-nve-miR-2023-3p_Scolanthus_callimorphus_Praher_et_al._2021_Transcriptome-level;eca-nve-F-miR-2023_Edwardsiella_carnea_Praher_et_al._2021_Transcriptome-level;ami-nve-F-miR-2023-3p_Acropora_millepora_Praher_et_al._2021_NA;Adi-Mir-2023_3p_Acropora_digitifera_Gajigan_&_Conaco_2017_nve-miR-2023-3p;_nve-miR-2023-3p;_spi-miR-temp-4;epa-nve-F-miR-2023_Exaiptasia_pallida_Praher_et_al._2021_NA;miR-2023_Nematostella_vectensis_Moran_et_al._2014_NA;spi-nve-F-miR-2023_Stylophora_pistillata_Praher_et_al._2021_NA;avi-miR-temp-2023_Anemonia_viridis_Urbarova_et_al._2018_NA","peve-mir-2023","apul-mir-2023; ptuh-mir-2023",NA,"Peve_00036810","Q5EA61",1.02e-98,"Creatine kinase B-type (EC 2.7.3.2) (B-CK) (Creatine kinase B chain) (Creatine phosphokinase M-type) (CPK-B)","brain development [GO:0007420]; futile creatine cycle [GO:0140651]; intracellular chloride ion homeostasis [GO:0030644]; phosphocreatine biosynthetic process [GO:0046314]","GO:0004111; GO:0005524; GO:0005615; GO:0005739; GO:0005829; GO:0005886; GO:0007420; GO:0030644; GO:0031625; GO:0046314; GO:0140651"
"37","Porites_evermani_scaffold_613","ShortStack","mature_miRNA",156505,156526,"+","ID=Cluster_7013.mature;Parent=Cluster_7013","Porites_evermani_scaffold_613","Gmove","mRNA",139963,179514,"+","ID=Peve_00037424;Name=Peve_00037424;start=1;stop=1;cds_size=2475","Cluster_7013",21,"Porites_evermani_scaffold_613:156453-156546","Porites_evermani_scaffold_613",156453,156546,94,5980,96,1," + ","UUCCUAAGUUGUUGUAGCUGUU",3276,662,19,447,4484,368,0,"22","Y",NA,"peve-mir-novel-16",NA,NA,"Peve_00037424","E7F590",0,"Vacuolar protein sorting-associated protein 41 homolog","cellular response to starvation [GO:0009267]; endosomal vesicle fusion [GO:0034058]; endosome to lysosome transport [GO:0008333]; macroautophagy [GO:0016236]; protein targeting to vacuole [GO:0006623]","GO:0005765; GO:0005770; GO:0005794; GO:0005829; GO:0006623; GO:0008333; GO:0009267; GO:0016236; GO:0030136; GO:0030897; GO:0031901; GO:0031902; GO:0034058; GO:0046872"
"38","Porites_evermani_scaffold_730","ShortStack","mature_miRNA",81385,81406,"-","ID=Cluster_7604.mature;Parent=Cluster_7604","Porites_evermani_scaffold_730","Gmove","mRNA",55177,87219,"-","ID=Peve_00040305;Name=Peve_00040305;start=1;stop=1;cds_size=852","Cluster_7604",21,"Porites_evermani_scaffold_730:81363-81456","Porites_evermani_scaffold_730",81363,81456,94,2896,177,0,"-","UGUUAGUUUACAGUUAGUGUUU",642,421,149,669,746,582,329,"22","Y",NA,"peve-mir-novel-17a",NA,"Same sequence as apul-mir-novel-17b","Peve_00040305","Q4V9P0",8.84e-91,"Mitochondrial S-adenosylmethionine carrier protein (SAM carrier) (Solute carrier family 25 member 26)","mitochondrial S-adenosyl-L-methionine transmembrane transport [GO:1990543]; S-adenosyl-L-methionine transport [GO:0015805]","GO:0000095; GO:0005739; GO:0005743; GO:0015805; GO:0180003; GO:1990543"
"39","Porites_evermani_scaffold_730","ShortStack","mature_miRNA",82423,82444,"-","ID=Cluster_7605.mature;Parent=Cluster_7605","Porites_evermani_scaffold_730","Gmove","mRNA",55177,87219,"-","ID=Peve_00040305;Name=Peve_00040305;start=1;stop=1;cds_size=852","Cluster_7605",21,"Porites_evermani_scaffold_730:82401-82494","Porites_evermani_scaffold_730",82401,82494,94,1393,116,0.001435750179,"-","UGUUAGUUUACAGUUAGUGUUU",306,177,43,375,361,298,139,"21","Y",NA,"peve-mir-novel-17b",NA,"Same sequence as apul-mir-novel-17a","Peve_00040305","Q4V9P0",8.84e-91,"Mitochondrial S-adenosylmethionine carrier protein (SAM carrier) (Solute carrier family 25 member 26)","mitochondrial S-adenosyl-L-methionine transmembrane transport [GO:1990543]; S-adenosyl-L-methionine transport [GO:0015805]","GO:0000095; GO:0005739; GO:0005743; GO:0015805; GO:0180003; GO:1990543"
"40","Porites_evermani_scaffold_768","ShortStack","mature_miRNA",138025,138046,"+","ID=Cluster_7804.mature;Parent=Cluster_7804","Porites_evermani_scaffold_768","Gmove","mRNA",126104,141725,"+","ID=Peve_00041010;Name=Peve_00041010;start=1;stop=1;cds_size=2961","Cluster_7804",21,"Porites_evermani_scaffold_768:137973-138066","Porites_evermani_scaffold_768",137973,138066,94,353,48,1," + ","UUUUUCGUGUGCUUAUGCUUAU",115,80,0,14,214,37,8,"N","Y",NA,"peve-mir-novel-18",NA,NA,"Peve_00041010","Q0SF06",3.46e-11,"D-inositol 3-phosphate glycosyltransferase (EC 2.4.1.250) (N-acetylglucosamine-inositol-phosphate N-acetylglucosaminyltransferase) (GlcNAc-Ins-P N-acetylglucosaminyltransferase)","glycolipid biosynthetic process [GO:0009247]; mycothiol biosynthetic process [GO:0010125]; sulfolipid biosynthetic process [GO:0046506]","GO:0000287; GO:0008375; GO:0009247; GO:0010125; GO:0046506; GO:0046510; GO:0102710"
"41","Porites_evermani_scaffold_866","ShortStack","mature_miRNA",22854,22875,"-","ID=Cluster_8571.mature;Parent=Cluster_8571","Porites_evermani_scaffold_866","Gmove","mRNA",26080,43061,"-","ID=Peve_00043069;Name=Peve_00043069;start=1;stop=1;cds_size=1710","Cluster_8571",-3205,"Porites_evermani_scaffold_866:22803-22895","Porites_evermani_scaffold_866",22803,22895,93,405,47,0,"-","UAUUUCAAACGUCGCGUAACCU",199,79,6,27,251,37,5,"N","Y",NA,"peve-mir-novel-19",NA,NA,"Peve_00043069","P27987",3.68e-127,"Inositol-trisphosphate 3-kinase B (EC 2.7.1.127) (Inositol 1,4,5-trisphosphate 3-kinase B) (IP3 3-kinase B) (IP3K B) (InsP 3-kinase B)","cell surface receptor signaling pathway [GO:0007166]; cellular response to calcium ion [GO:0071277]; common myeloid progenitor cell proliferation [GO:0035726]; inositol phosphate biosynthetic process [GO:0032958]; inositol trisphosphate metabolic process [GO:0032957]; MAPK cascade [GO:0000165]; myeloid cell homeostasis [GO:0002262]; negative regulation of myeloid cell differentiation [GO:0045638]; negative regulation of neutrophil apoptotic process [GO:0033030]; phosphatidylinositol phosphate biosynthetic process [GO:0046854]; positive regulation of alpha-beta T cell differentiation [GO:0046638]; positive regulation of Ras protein signal transduction [GO:0046579]; positive thymic T cell selection [GO:0045059]; regulation of protein phosphorylation [GO:0001932]; signal transduction [GO:0007165]","GO:0000165; GO:0001932; GO:0002262; GO:0005516; GO:0005524; GO:0005634; GO:0005737; GO:0005783; GO:0005829; GO:0005856; GO:0007165; GO:0007166; GO:0008440; GO:0016020; GO:0032957; GO:0032958; GO:0033030; GO:0035726; GO:0045059; GO:0045638; GO:0046579; GO:0046638; GO:0046854; GO:0051765; GO:0071277"
"42","Porites_evermani_scaffold_910","ShortStack","mature_miRNA",99255,99275,"+","ID=Cluster_8824.mature;Parent=Cluster_8824","Porites_evermani_scaffold_910","Gmove","mRNA",95901,101109,"+","ID=Peve_00043933;Name=Peve_00043933;start=1;stop=1;cds_size=573","Cluster_8824",20,"Porites_evermani_scaffold_910:99233-99322","Porites_evermani_scaffold_910",99233,99322,90,35774,360,0.975904288," + ","CAAUGUUUCGGCUUGUUCCCA",13239,18118,120,16643,692,172,29,"N","Y","adi-miR-P-novel-6-3p_Acropora_digitifera__Praher_et_al._2021_NA","peve-mir-novel-20","ptuh-mir-novel-20",NA,"Peve_00043933",NA,NA,NA,NA,NA
"43","Porites_evermani_scaffold_910","ShortStack","mature_miRNA",118742,118762,"+","ID=Cluster_8827.mature;Parent=Cluster_8827","Porites_evermani_scaffold_910","Gmove","mRNA",113434,118060,"+","ID=Peve_00043934;Name=Peve_00043934;start=1;stop=0;cds_size=360","Cluster_8827",-682,"Porites_evermani_scaffold_910:118720-118809","Porites_evermani_scaffold_910",118720,118809,90,67602,203,0.9438774001," + ","CAAUGUUUCGGCUUGUUCCCG",59939,3630,66,62975,410,506,15,"21","Y","adi-miR-P-novel-6-3p_Acropora_digitifera__Praher_et_al._2021_NA;spi-mir-temp-14_Stylophora_pistillata_Liew_et_al._2014_NA;ami-spi-miR-L-temp-14-5p_Acropora_millepora_Praher_et_al._2021_NA","peve-mir-novel-21",NA,NA,"Peve_00043934",NA,NA,NA,NA,NA
"44","Porites_evermani_scaffold_910","ShortStack","mature_miRNA",139353,139373,"+","ID=Cluster_8828.mature;Parent=Cluster_8828","Porites_evermani_scaffold_910","Gmove","mRNA",137148,137456,"+","ID=Peve_00043937;Name=Peve_00043937;start=1;stop=1;cds_size=309","Cluster_8828",-1897,"Porites_evermani_scaffold_910:139331-139420","Porites_evermani_scaffold_910",139331,139420,90,21095,215,0.977340602," + ","AAAUGUUUCGGCUUGUUCCC",9491,19225,4,1689,108,57,12,"N","Y","ami-spi-miR-L-temp-14-5p_Acropora_millepora_Praher_et_al._2021_NA","peve-mir-novel-22",NA,NA,"Peve_00043937",NA,NA,NA,NA,NA
"45","Porites_evermani_scaffold_942","ShortStack","mature_miRNA",133698,133719,"+","ID=Cluster_8920.mature;Parent=Cluster_8920","Porites_evermani_scaffold_942","Gmove","mRNA",134553,135350,"+","ID=Peve_00044464;Name=Peve_00044464;start=1;stop=1;cds_size=183","Cluster_8920",-834,"Porites_evermani_scaffold_942:133648-133739","Porites_evermani_scaffold_942",133648,133739,92,32178,505,1," + ","UAGGUAACUCUGUUAGUUUGUUU",8153,7670,302,3095,5335,10466,5310,"N","Y",NA,"peve-mir-novel-23",NA,NA,"Peve_00044464","Q5XGB9",1.12e-17,"Cytosol aminopeptidase (EC 3.4.11.1) (Cysteinylglycine-S-conjugate dipeptidase) (EC 3.4.13.23) (Leucine aminopeptidase 3) (LAP-3) (Leucyl aminopeptidase) (Proline aminopeptidase) (EC 3.4.11.5) (Prolyl aminopeptidase)","proteolysis [GO:0006508]","GO:0004180; GO:0005737; GO:0006508; GO:0030145; GO:0070006"
"46","Porites_evermani_scaffold_984","ShortStack","mature_miRNA",51883,51904,"-","ID=Cluster_9077.mature;Parent=Cluster_9077","Porites_evermani_scaffold_984","Gmove","mRNA",55026,58291,"-","ID=Peve_00045107;Name=Peve_00045107;start=1;stop=1;cds_size=867","Cluster_9077",-3122,"Porites_evermani_scaffold_984:51832-51924","Porites_evermani_scaffold_984",51832,51924,93,191,25,0,"-","UCUGAGCCUGUAGCCCAUUU",45,59,28,7,57,34,6,"N","Y",NA,"peve-mir-novel-24",NA,NA,"Peve_00045107",NA,NA,NA,NA,NA
