readfile	mapping_type	read_length	count
/home/shared/8TB_HDD_01/sam/gitrepos/deep-dive/D-Apul/output/13.1-Apul-sRNAseq-ShortStack-R1-reads/ShortStack_out/sRNA-ACR-140-S1-TP2_R1_001.fastp-R1-31bp-auto_adapters-polyG.bam	U	<21	161054
/home/shared/8TB_HDD_01/sam/gitrepos/deep-dive/D-Apul/output/13.1-Apul-sRNAseq-ShortStack-R1-reads/ShortStack_out/sRNA-ACR-140-S1-TP2_R1_001.fastp-R1-31bp-auto_adapters-polyG.bam	U	21	42852
/home/shared/8TB_HDD_01/sam/gitrepos/deep-dive/D-Apul/output/13.1-Apul-sRNAseq-ShortStack-R1-reads/ShortStack_out/sRNA-ACR-140-S1-TP2_R1_001.fastp-R1-31bp-auto_adapters-polyG.bam	U	22	104195
/home/shared/8TB_HDD_01/sam/gitrepos/deep-dive/D-Apul/output/13.1-Apul-sRNAseq-ShortStack-R1-reads/ShortStack_out/sRNA-ACR-140-S1-TP2_R1_001.fastp-R1-31bp-auto_adapters-polyG.bam	U	23	64291
/home/shared/8TB_HDD_01/sam/gitrepos/deep-dive/D-Apul/output/13.1-Apul-sRNAseq-ShortStack-R1-reads/ShortStack_out/sRNA-ACR-140-S1-TP2_R1_001.fastp-R1-31bp-auto_adapters-polyG.bam	U	24	83500
/home/shared/8TB_HDD_01/sam/gitrepos/deep-dive/D-Apul/output/13.1-Apul-sRNAseq-ShortStack-R1-reads/ShortStack_out/sRNA-ACR-140-S1-TP2_R1_001.fastp-R1-31bp-auto_adapters-polyG.bam	U	>24	3189838
/home/shared/8TB_HDD_01/sam/gitrepos/deep-dive/D-Apul/output/13.1-Apul-sRNAseq-ShortStack-R1-reads/ShortStack_out/sRNA-ACR-140-S1-TP2_R1_001.fastp-R1-31bp-auto_adapters-polyG.bam	P	<21	392498
/home/shared/8TB_HDD_01/sam/gitrepos/deep-dive/D-Apul/output/13.1-Apul-sRNAseq-ShortStack-R1-reads/ShortStack_out/sRNA-ACR-140-S1-TP2_R1_001.fastp-R1-31bp-auto_adapters-polyG.bam	P	21	60584
/home/shared/8TB_HDD_01/sam/gitrepos/deep-dive/D-Apul/output/13.1-Apul-sRNAseq-ShortStack-R1-reads/ShortStack_out/sRNA-ACR-140-S1-TP2_R1_001.fastp-R1-31bp-auto_adapters-polyG.bam	P	22	71964
/home/shared/8TB_HDD_01/sam/gitrepos/deep-dive/D-Apul/output/13.1-Apul-sRNAseq-ShortStack-R1-reads/ShortStack_out/sRNA-ACR-140-S1-TP2_R1_001.fastp-R1-31bp-auto_adapters-polyG.bam	P	23	67708
/home/shared/8TB_HDD_01/sam/gitrepos/deep-dive/D-Apul/output/13.1-Apul-sRNAseq-ShortStack-R1-reads/ShortStack_out/sRNA-ACR-140-S1-TP2_R1_001.fastp-R1-31bp-auto_adapters-polyG.bam	P	24	71714
/home/shared/8TB_HDD_01/sam/gitrepos/deep-dive/D-Apul/output/13.1-Apul-sRNAseq-ShortStack-R1-reads/ShortStack_out/sRNA-ACR-140-S1-TP2_R1_001.fastp-R1-31bp-auto_adapters-polyG.bam	P	>24	4743094
/home/shared/8TB_HDD_01/sam/gitrepos/deep-dive/D-Apul/output/13.1-Apul-sRNAseq-ShortStack-R1-reads/ShortStack_out/sRNA-ACR-140-S1-TP2_R1_001.fastp-R1-31bp-auto_adapters-polyG.bam	R	<21	60193
/home/shared/8TB_HDD_01/sam/gitrepos/deep-dive/D-Apul/output/13.1-Apul-sRNAseq-ShortStack-R1-reads/ShortStack_out/sRNA-ACR-140-S1-TP2_R1_001.fastp-R1-31bp-auto_adapters-polyG.bam	R	21	11391
/home/shared/8TB_HDD_01/sam/gitrepos/deep-dive/D-Apul/output/13.1-Apul-sRNAseq-ShortStack-R1-reads/ShortStack_out/sRNA-ACR-140-S1-TP2_R1_001.fastp-R1-31bp-auto_adapters-polyG.bam	R	22	13142
/home/shared/8TB_HDD_01/sam/gitrepos/deep-dive/D-Apul/output/13.1-Apul-sRNAseq-ShortStack-R1-reads/ShortStack_out/sRNA-ACR-140-S1-TP2_R1_001.fastp-R1-31bp-auto_adapters-polyG.bam	R	23	14979
/home/shared/8TB_HDD_01/sam/gitrepos/deep-dive/D-Apul/output/13.1-Apul-sRNAseq-ShortStack-R1-reads/ShortStack_out/sRNA-ACR-140-S1-TP2_R1_001.fastp-R1-31bp-auto_adapters-polyG.bam	R	24	20288
/home/shared/8TB_HDD_01/sam/gitrepos/deep-dive/D-Apul/output/13.1-Apul-sRNAseq-ShortStack-R1-reads/ShortStack_out/sRNA-ACR-140-S1-TP2_R1_001.fastp-R1-31bp-auto_adapters-polyG.bam	R	>24	1344230
/home/shared/8TB_HDD_01/sam/gitrepos/deep-dive/D-Apul/output/13.1-Apul-sRNAseq-ShortStack-R1-reads/ShortStack_out/sRNA-ACR-140-S1-TP2_R1_001.fastp-R1-31bp-auto_adapters-polyG.bam	H	<21	26450
/home/shared/8TB_HDD_01/sam/gitrepos/deep-dive/D-Apul/output/13.1-Apul-sRNAseq-ShortStack-R1-reads/ShortStack_out/sRNA-ACR-140-S1-TP2_R1_001.fastp-R1-31bp-auto_adapters-polyG.bam	H	21	2664
/home/shared/8TB_HDD_01/sam/gitrepos/deep-dive/D-Apul/output/13.1-Apul-sRNAseq-ShortStack-R1-reads/ShortStack_out/sRNA-ACR-140-S1-TP2_R1_001.fastp-R1-31bp-auto_adapters-polyG.bam	H	22	3219
/home/shared/8TB_HDD_01/sam/gitrepos/deep-dive/D-Apul/output/13.1-Apul-sRNAseq-ShortStack-R1-reads/ShortStack_out/sRNA-ACR-140-S1-TP2_R1_001.fastp-R1-31bp-auto_adapters-polyG.bam	H	23	3117
/home/shared/8TB_HDD_01/sam/gitrepos/deep-dive/D-Apul/output/13.1-Apul-sRNAseq-ShortStack-R1-reads/ShortStack_out/sRNA-ACR-140-S1-TP2_R1_001.fastp-R1-31bp-auto_adapters-polyG.bam	H	24	4351
/home/shared/8TB_HDD_01/sam/gitrepos/deep-dive/D-Apul/output/13.1-Apul-sRNAseq-ShortStack-R1-reads/ShortStack_out/sRNA-ACR-140-S1-TP2_R1_001.fastp-R1-31bp-auto_adapters-polyG.bam	H	>24	222669
/home/shared/8TB_HDD_01/sam/gitrepos/deep-dive/D-Apul/output/13.1-Apul-sRNAseq-ShortStack-R1-reads/ShortStack_out/sRNA-ACR-140-S1-TP2_R1_001.fastp-R1-31bp-auto_adapters-polyG.bam	N	<21	115981
/home/shared/8TB_HDD_01/sam/gitrepos/deep-dive/D-Apul/output/13.1-Apul-sRNAseq-ShortStack-R1-reads/ShortStack_out/sRNA-ACR-140-S1-TP2_R1_001.fastp-R1-31bp-auto_adapters-polyG.bam	N	21	59464
/home/shared/8TB_HDD_01/sam/gitrepos/deep-dive/D-Apul/output/13.1-Apul-sRNAseq-ShortStack-R1-reads/ShortStack_out/sRNA-ACR-140-S1-TP2_R1_001.fastp-R1-31bp-auto_adapters-polyG.bam	N	22	52419
/home/shared/8TB_HDD_01/sam/gitrepos/deep-dive/D-Apul/output/13.1-Apul-sRNAseq-ShortStack-R1-reads/ShortStack_out/sRNA-ACR-140-S1-TP2_R1_001.fastp-R1-31bp-auto_adapters-polyG.bam	N	23	58500
/home/shared/8TB_HDD_01/sam/gitrepos/deep-dive/D-Apul/output/13.1-Apul-sRNAseq-ShortStack-R1-reads/ShortStack_out/sRNA-ACR-140-S1-TP2_R1_001.fastp-R1-31bp-auto_adapters-polyG.bam	N	24	75769
/home/shared/8TB_HDD_01/sam/gitrepos/deep-dive/D-Apul/output/13.1-Apul-sRNAseq-ShortStack-R1-reads/ShortStack_out/sRNA-ACR-140-S1-TP2_R1_001.fastp-R1-31bp-auto_adapters-polyG.bam	N	>24	4144893
/home/shared/8TB_HDD_01/sam/gitrepos/deep-dive/D-Apul/output/13.1-Apul-sRNAseq-ShortStack-R1-reads/ShortStack_out/sRNA-ACR-145-S1-TP2_R1_001.fastp-R1-31bp-auto_adapters-polyG.bam	U	<21	327604
/home/shared/8TB_HDD_01/sam/gitrepos/deep-dive/D-Apul/output/13.1-Apul-sRNAseq-ShortStack-R1-reads/ShortStack_out/sRNA-ACR-145-S1-TP2_R1_001.fastp-R1-31bp-auto_adapters-polyG.bam	U	21	89860
/home/shared/8TB_HDD_01/sam/gitrepos/deep-dive/D-Apul/output/13.1-Apul-sRNAseq-ShortStack-R1-reads/ShortStack_out/sRNA-ACR-145-S1-TP2_R1_001.fastp-R1-31bp-auto_adapters-polyG.bam	U	22	225590
/home/shared/8TB_HDD_01/sam/gitrepos/deep-dive/D-Apul/output/13.1-Apul-sRNAseq-ShortStack-R1-reads/ShortStack_out/sRNA-ACR-145-S1-TP2_R1_001.fastp-R1-31bp-auto_adapters-polyG.bam	U	23	93892
/home/shared/8TB_HDD_01/sam/gitrepos/deep-dive/D-Apul/output/13.1-Apul-sRNAseq-ShortStack-R1-reads/ShortStack_out/sRNA-ACR-145-S1-TP2_R1_001.fastp-R1-31bp-auto_adapters-polyG.bam	U	24	96127
/home/shared/8TB_HDD_01/sam/gitrepos/deep-dive/D-Apul/output/13.1-Apul-sRNAseq-ShortStack-R1-reads/ShortStack_out/sRNA-ACR-145-S1-TP2_R1_001.fastp-R1-31bp-auto_adapters-polyG.bam	U	>24	3145630
/home/shared/8TB_HDD_01/sam/gitrepos/deep-dive/D-Apul/output/13.1-Apul-sRNAseq-ShortStack-R1-reads/ShortStack_out/sRNA-ACR-145-S1-TP2_R1_001.fastp-R1-31bp-auto_adapters-polyG.bam	P	<21	492294
/home/shared/8TB_HDD_01/sam/gitrepos/deep-dive/D-Apul/output/13.1-Apul-sRNAseq-ShortStack-R1-reads/ShortStack_out/sRNA-ACR-145-S1-TP2_R1_001.fastp-R1-31bp-auto_adapters-polyG.bam	P	21	74685
/home/shared/8TB_HDD_01/sam/gitrepos/deep-dive/D-Apul/output/13.1-Apul-sRNAseq-ShortStack-R1-reads/ShortStack_out/sRNA-ACR-145-S1-TP2_R1_001.fastp-R1-31bp-auto_adapters-polyG.bam	P	22	80298
/home/shared/8TB_HDD_01/sam/gitrepos/deep-dive/D-Apul/output/13.1-Apul-sRNAseq-ShortStack-R1-reads/ShortStack_out/sRNA-ACR-145-S1-TP2_R1_001.fastp-R1-31bp-auto_adapters-polyG.bam	P	23	73938
/home/shared/8TB_HDD_01/sam/gitrepos/deep-dive/D-Apul/output/13.1-Apul-sRNAseq-ShortStack-R1-reads/ShortStack_out/sRNA-ACR-145-S1-TP2_R1_001.fastp-R1-31bp-auto_adapters-polyG.bam	P	24	86244
/home/shared/8TB_HDD_01/sam/gitrepos/deep-dive/D-Apul/output/13.1-Apul-sRNAseq-ShortStack-R1-reads/ShortStack_out/sRNA-ACR-145-S1-TP2_R1_001.fastp-R1-31bp-auto_adapters-polyG.bam	P	>24	5924333
/home/shared/8TB_HDD_01/sam/gitrepos/deep-dive/D-Apul/output/13.1-Apul-sRNAseq-ShortStack-R1-reads/ShortStack_out/sRNA-ACR-145-S1-TP2_R1_001.fastp-R1-31bp-auto_adapters-polyG.bam	R	<21	98685
/home/shared/8TB_HDD_01/sam/gitrepos/deep-dive/D-Apul/output/13.1-Apul-sRNAseq-ShortStack-R1-reads/ShortStack_out/sRNA-ACR-145-S1-TP2_R1_001.fastp-R1-31bp-auto_adapters-polyG.bam	R	21	20440
/home/shared/8TB_HDD_01/sam/gitrepos/deep-dive/D-Apul/output/13.1-Apul-sRNAseq-ShortStack-R1-reads/ShortStack_out/sRNA-ACR-145-S1-TP2_R1_001.fastp-R1-31bp-auto_adapters-polyG.bam	R	22	16452
/home/shared/8TB_HDD_01/sam/gitrepos/deep-dive/D-Apul/output/13.1-Apul-sRNAseq-ShortStack-R1-reads/ShortStack_out/sRNA-ACR-145-S1-TP2_R1_001.fastp-R1-31bp-auto_adapters-polyG.bam	R	23	18092
/home/shared/8TB_HDD_01/sam/gitrepos/deep-dive/D-Apul/output/13.1-Apul-sRNAseq-ShortStack-R1-reads/ShortStack_out/sRNA-ACR-145-S1-TP2_R1_001.fastp-R1-31bp-auto_adapters-polyG.bam	R	24	23530
/home/shared/8TB_HDD_01/sam/gitrepos/deep-dive/D-Apul/output/13.1-Apul-sRNAseq-ShortStack-R1-reads/ShortStack_out/sRNA-ACR-145-S1-TP2_R1_001.fastp-R1-31bp-auto_adapters-polyG.bam	R	>24	1355797
/home/shared/8TB_HDD_01/sam/gitrepos/deep-dive/D-Apul/output/13.1-Apul-sRNAseq-ShortStack-R1-reads/ShortStack_out/sRNA-ACR-145-S1-TP2_R1_001.fastp-R1-31bp-auto_adapters-polyG.bam	H	<21	41572
/home/shared/8TB_HDD_01/sam/gitrepos/deep-dive/D-Apul/output/13.1-Apul-sRNAseq-ShortStack-R1-reads/ShortStack_out/sRNA-ACR-145-S1-TP2_R1_001.fastp-R1-31bp-auto_adapters-polyG.bam	H	21	6769
/home/shared/8TB_HDD_01/sam/gitrepos/deep-dive/D-Apul/output/13.1-Apul-sRNAseq-ShortStack-R1-reads/ShortStack_out/sRNA-ACR-145-S1-TP2_R1_001.fastp-R1-31bp-auto_adapters-polyG.bam	H	22	5416
/home/shared/8TB_HDD_01/sam/gitrepos/deep-dive/D-Apul/output/13.1-Apul-sRNAseq-ShortStack-R1-reads/ShortStack_out/sRNA-ACR-145-S1-TP2_R1_001.fastp-R1-31bp-auto_adapters-polyG.bam	H	23	4422
/home/shared/8TB_HDD_01/sam/gitrepos/deep-dive/D-Apul/output/13.1-Apul-sRNAseq-ShortStack-R1-reads/ShortStack_out/sRNA-ACR-145-S1-TP2_R1_001.fastp-R1-31bp-auto_adapters-polyG.bam	H	24	5864
/home/shared/8TB_HDD_01/sam/gitrepos/deep-dive/D-Apul/output/13.1-Apul-sRNAseq-ShortStack-R1-reads/ShortStack_out/sRNA-ACR-145-S1-TP2_R1_001.fastp-R1-31bp-auto_adapters-polyG.bam	H	>24	313033
/home/shared/8TB_HDD_01/sam/gitrepos/deep-dive/D-Apul/output/13.1-Apul-sRNAseq-ShortStack-R1-reads/ShortStack_out/sRNA-ACR-145-S1-TP2_R1_001.fastp-R1-31bp-auto_adapters-polyG.bam	N	<21	160660
/home/shared/8TB_HDD_01/sam/gitrepos/deep-dive/D-Apul/output/13.1-Apul-sRNAseq-ShortStack-R1-reads/ShortStack_out/sRNA-ACR-145-S1-TP2_R1_001.fastp-R1-31bp-auto_adapters-polyG.bam	N	21	66842
/home/shared/8TB_HDD_01/sam/gitrepos/deep-dive/D-Apul/output/13.1-Apul-sRNAseq-ShortStack-R1-reads/ShortStack_out/sRNA-ACR-145-S1-TP2_R1_001.fastp-R1-31bp-auto_adapters-polyG.bam	N	22	67895
/home/shared/8TB_HDD_01/sam/gitrepos/deep-dive/D-Apul/output/13.1-Apul-sRNAseq-ShortStack-R1-reads/ShortStack_out/sRNA-ACR-145-S1-TP2_R1_001.fastp-R1-31bp-auto_adapters-polyG.bam	N	23	73908
/home/shared/8TB_HDD_01/sam/gitrepos/deep-dive/D-Apul/output/13.1-Apul-sRNAseq-ShortStack-R1-reads/ShortStack_out/sRNA-ACR-145-S1-TP2_R1_001.fastp-R1-31bp-auto_adapters-polyG.bam	N	24	91736
/home/shared/8TB_HDD_01/sam/gitrepos/deep-dive/D-Apul/output/13.1-Apul-sRNAseq-ShortStack-R1-reads/ShortStack_out/sRNA-ACR-145-S1-TP2_R1_001.fastp-R1-31bp-auto_adapters-polyG.bam	N	>24	4466572
/home/shared/8TB_HDD_01/sam/gitrepos/deep-dive/D-Apul/output/13.1-Apul-sRNAseq-ShortStack-R1-reads/ShortStack_out/sRNA-ACR-150-S1-TP2_R1_001.fastp-R1-31bp-auto_adapters-polyG.bam	U	<21	477256
/home/shared/8TB_HDD_01/sam/gitrepos/deep-dive/D-Apul/output/13.1-Apul-sRNAseq-ShortStack-R1-reads/ShortStack_out/sRNA-ACR-150-S1-TP2_R1_001.fastp-R1-31bp-auto_adapters-polyG.bam	U	21	102389
/home/shared/8TB_HDD_01/sam/gitrepos/deep-dive/D-Apul/output/13.1-Apul-sRNAseq-ShortStack-R1-reads/ShortStack_out/sRNA-ACR-150-S1-TP2_R1_001.fastp-R1-31bp-auto_adapters-polyG.bam	U	22	285241
/home/shared/8TB_HDD_01/sam/gitrepos/deep-dive/D-Apul/output/13.1-Apul-sRNAseq-ShortStack-R1-reads/ShortStack_out/sRNA-ACR-150-S1-TP2_R1_001.fastp-R1-31bp-auto_adapters-polyG.bam	U	23	102422
/home/shared/8TB_HDD_01/sam/gitrepos/deep-dive/D-Apul/output/13.1-Apul-sRNAseq-ShortStack-R1-reads/ShortStack_out/sRNA-ACR-150-S1-TP2_R1_001.fastp-R1-31bp-auto_adapters-polyG.bam	U	24	135402
/home/shared/8TB_HDD_01/sam/gitrepos/deep-dive/D-Apul/output/13.1-Apul-sRNAseq-ShortStack-R1-reads/ShortStack_out/sRNA-ACR-150-S1-TP2_R1_001.fastp-R1-31bp-auto_adapters-polyG.bam	U	>24	3719290
/home/shared/8TB_HDD_01/sam/gitrepos/deep-dive/D-Apul/output/13.1-Apul-sRNAseq-ShortStack-R1-reads/ShortStack_out/sRNA-ACR-150-S1-TP2_R1_001.fastp-R1-31bp-auto_adapters-polyG.bam	P	<21	553136
/home/shared/8TB_HDD_01/sam/gitrepos/deep-dive/D-Apul/output/13.1-Apul-sRNAseq-ShortStack-R1-reads/ShortStack_out/sRNA-ACR-150-S1-TP2_R1_001.fastp-R1-31bp-auto_adapters-polyG.bam	P	21	121031
/home/shared/8TB_HDD_01/sam/gitrepos/deep-dive/D-Apul/output/13.1-Apul-sRNAseq-ShortStack-R1-reads/ShortStack_out/sRNA-ACR-150-S1-TP2_R1_001.fastp-R1-31bp-auto_adapters-polyG.bam	P	22	107653
/home/shared/8TB_HDD_01/sam/gitrepos/deep-dive/D-Apul/output/13.1-Apul-sRNAseq-ShortStack-R1-reads/ShortStack_out/sRNA-ACR-150-S1-TP2_R1_001.fastp-R1-31bp-auto_adapters-polyG.bam	P	23	87507
/home/shared/8TB_HDD_01/sam/gitrepos/deep-dive/D-Apul/output/13.1-Apul-sRNAseq-ShortStack-R1-reads/ShortStack_out/sRNA-ACR-150-S1-TP2_R1_001.fastp-R1-31bp-auto_adapters-polyG.bam	P	24	104554
/home/shared/8TB_HDD_01/sam/gitrepos/deep-dive/D-Apul/output/13.1-Apul-sRNAseq-ShortStack-R1-reads/ShortStack_out/sRNA-ACR-150-S1-TP2_R1_001.fastp-R1-31bp-auto_adapters-polyG.bam	P	>24	5101071
/home/shared/8TB_HDD_01/sam/gitrepos/deep-dive/D-Apul/output/13.1-Apul-sRNAseq-ShortStack-R1-reads/ShortStack_out/sRNA-ACR-150-S1-TP2_R1_001.fastp-R1-31bp-auto_adapters-polyG.bam	R	<21	97039
/home/shared/8TB_HDD_01/sam/gitrepos/deep-dive/D-Apul/output/13.1-Apul-sRNAseq-ShortStack-R1-reads/ShortStack_out/sRNA-ACR-150-S1-TP2_R1_001.fastp-R1-31bp-auto_adapters-polyG.bam	R	21	19431
/home/shared/8TB_HDD_01/sam/gitrepos/deep-dive/D-Apul/output/13.1-Apul-sRNAseq-ShortStack-R1-reads/ShortStack_out/sRNA-ACR-150-S1-TP2_R1_001.fastp-R1-31bp-auto_adapters-polyG.bam	R	22	17892
/home/shared/8TB_HDD_01/sam/gitrepos/deep-dive/D-Apul/output/13.1-Apul-sRNAseq-ShortStack-R1-reads/ShortStack_out/sRNA-ACR-150-S1-TP2_R1_001.fastp-R1-31bp-auto_adapters-polyG.bam	R	23	21500
/home/shared/8TB_HDD_01/sam/gitrepos/deep-dive/D-Apul/output/13.1-Apul-sRNAseq-ShortStack-R1-reads/ShortStack_out/sRNA-ACR-150-S1-TP2_R1_001.fastp-R1-31bp-auto_adapters-polyG.bam	R	24	24319
/home/shared/8TB_HDD_01/sam/gitrepos/deep-dive/D-Apul/output/13.1-Apul-sRNAseq-ShortStack-R1-reads/ShortStack_out/sRNA-ACR-150-S1-TP2_R1_001.fastp-R1-31bp-auto_adapters-polyG.bam	R	>24	1306558
/home/shared/8TB_HDD_01/sam/gitrepos/deep-dive/D-Apul/output/13.1-Apul-sRNAseq-ShortStack-R1-reads/ShortStack_out/sRNA-ACR-150-S1-TP2_R1_001.fastp-R1-31bp-auto_adapters-polyG.bam	H	<21	37064
/home/shared/8TB_HDD_01/sam/gitrepos/deep-dive/D-Apul/output/13.1-Apul-sRNAseq-ShortStack-R1-reads/ShortStack_out/sRNA-ACR-150-S1-TP2_R1_001.fastp-R1-31bp-auto_adapters-polyG.bam	H	21	8089
/home/shared/8TB_HDD_01/sam/gitrepos/deep-dive/D-Apul/output/13.1-Apul-sRNAseq-ShortStack-R1-reads/ShortStack_out/sRNA-ACR-150-S1-TP2_R1_001.fastp-R1-31bp-auto_adapters-polyG.bam	H	22	5493
/home/shared/8TB_HDD_01/sam/gitrepos/deep-dive/D-Apul/output/13.1-Apul-sRNAseq-ShortStack-R1-reads/ShortStack_out/sRNA-ACR-150-S1-TP2_R1_001.fastp-R1-31bp-auto_adapters-polyG.bam	H	23	4652
/home/shared/8TB_HDD_01/sam/gitrepos/deep-dive/D-Apul/output/13.1-Apul-sRNAseq-ShortStack-R1-reads/ShortStack_out/sRNA-ACR-150-S1-TP2_R1_001.fastp-R1-31bp-auto_adapters-polyG.bam	H	24	6571
/home/shared/8TB_HDD_01/sam/gitrepos/deep-dive/D-Apul/output/13.1-Apul-sRNAseq-ShortStack-R1-reads/ShortStack_out/sRNA-ACR-150-S1-TP2_R1_001.fastp-R1-31bp-auto_adapters-polyG.bam	H	>24	265714
/home/shared/8TB_HDD_01/sam/gitrepos/deep-dive/D-Apul/output/13.1-Apul-sRNAseq-ShortStack-R1-reads/ShortStack_out/sRNA-ACR-150-S1-TP2_R1_001.fastp-R1-31bp-auto_adapters-polyG.bam	N	<21	264698
/home/shared/8TB_HDD_01/sam/gitrepos/deep-dive/D-Apul/output/13.1-Apul-sRNAseq-ShortStack-R1-reads/ShortStack_out/sRNA-ACR-150-S1-TP2_R1_001.fastp-R1-31bp-auto_adapters-polyG.bam	N	21	102051
/home/shared/8TB_HDD_01/sam/gitrepos/deep-dive/D-Apul/output/13.1-Apul-sRNAseq-ShortStack-R1-reads/ShortStack_out/sRNA-ACR-150-S1-TP2_R1_001.fastp-R1-31bp-auto_adapters-polyG.bam	N	22	207535
/home/shared/8TB_HDD_01/sam/gitrepos/deep-dive/D-Apul/output/13.1-Apul-sRNAseq-ShortStack-R1-reads/ShortStack_out/sRNA-ACR-150-S1-TP2_R1_001.fastp-R1-31bp-auto_adapters-polyG.bam	N	23	132986
/home/shared/8TB_HDD_01/sam/gitrepos/deep-dive/D-Apul/output/13.1-Apul-sRNAseq-ShortStack-R1-reads/ShortStack_out/sRNA-ACR-150-S1-TP2_R1_001.fastp-R1-31bp-auto_adapters-polyG.bam	N	24	123969
/home/shared/8TB_HDD_01/sam/gitrepos/deep-dive/D-Apul/output/13.1-Apul-sRNAseq-ShortStack-R1-reads/ShortStack_out/sRNA-ACR-150-S1-TP2_R1_001.fastp-R1-31bp-auto_adapters-polyG.bam	N	>24	5104898
/home/shared/8TB_HDD_01/sam/gitrepos/deep-dive/D-Apul/output/13.1-Apul-sRNAseq-ShortStack-R1-reads/ShortStack_out/sRNA-ACR-173-S1-TP2_R1_001.fastp-R1-31bp-auto_adapters-polyG.bam	U	<21	285466
/home/shared/8TB_HDD_01/sam/gitrepos/deep-dive/D-Apul/output/13.1-Apul-sRNAseq-ShortStack-R1-reads/ShortStack_out/sRNA-ACR-173-S1-TP2_R1_001.fastp-R1-31bp-auto_adapters-polyG.bam	U	21	69409
/home/shared/8TB_HDD_01/sam/gitrepos/deep-dive/D-Apul/output/13.1-Apul-sRNAseq-ShortStack-R1-reads/ShortStack_out/sRNA-ACR-173-S1-TP2_R1_001.fastp-R1-31bp-auto_adapters-polyG.bam	U	22	170686
/home/shared/8TB_HDD_01/sam/gitrepos/deep-dive/D-Apul/output/13.1-Apul-sRNAseq-ShortStack-R1-reads/ShortStack_out/sRNA-ACR-173-S1-TP2_R1_001.fastp-R1-31bp-auto_adapters-polyG.bam	U	23	76839
/home/shared/8TB_HDD_01/sam/gitrepos/deep-dive/D-Apul/output/13.1-Apul-sRNAseq-ShortStack-R1-reads/ShortStack_out/sRNA-ACR-173-S1-TP2_R1_001.fastp-R1-31bp-auto_adapters-polyG.bam	U	24	79978
/home/shared/8TB_HDD_01/sam/gitrepos/deep-dive/D-Apul/output/13.1-Apul-sRNAseq-ShortStack-R1-reads/ShortStack_out/sRNA-ACR-173-S1-TP2_R1_001.fastp-R1-31bp-auto_adapters-polyG.bam	U	>24	3088719
/home/shared/8TB_HDD_01/sam/gitrepos/deep-dive/D-Apul/output/13.1-Apul-sRNAseq-ShortStack-R1-reads/ShortStack_out/sRNA-ACR-173-S1-TP2_R1_001.fastp-R1-31bp-auto_adapters-polyG.bam	P	<21	448190
/home/shared/8TB_HDD_01/sam/gitrepos/deep-dive/D-Apul/output/13.1-Apul-sRNAseq-ShortStack-R1-reads/ShortStack_out/sRNA-ACR-173-S1-TP2_R1_001.fastp-R1-31bp-auto_adapters-polyG.bam	P	21	84569
/home/shared/8TB_HDD_01/sam/gitrepos/deep-dive/D-Apul/output/13.1-Apul-sRNAseq-ShortStack-R1-reads/ShortStack_out/sRNA-ACR-173-S1-TP2_R1_001.fastp-R1-31bp-auto_adapters-polyG.bam	P	22	86199
/home/shared/8TB_HDD_01/sam/gitrepos/deep-dive/D-Apul/output/13.1-Apul-sRNAseq-ShortStack-R1-reads/ShortStack_out/sRNA-ACR-173-S1-TP2_R1_001.fastp-R1-31bp-auto_adapters-polyG.bam	P	23	77275
/home/shared/8TB_HDD_01/sam/gitrepos/deep-dive/D-Apul/output/13.1-Apul-sRNAseq-ShortStack-R1-reads/ShortStack_out/sRNA-ACR-173-S1-TP2_R1_001.fastp-R1-31bp-auto_adapters-polyG.bam	P	24	104029
/home/shared/8TB_HDD_01/sam/gitrepos/deep-dive/D-Apul/output/13.1-Apul-sRNAseq-ShortStack-R1-reads/ShortStack_out/sRNA-ACR-173-S1-TP2_R1_001.fastp-R1-31bp-auto_adapters-polyG.bam	P	>24	5355615
/home/shared/8TB_HDD_01/sam/gitrepos/deep-dive/D-Apul/output/13.1-Apul-sRNAseq-ShortStack-R1-reads/ShortStack_out/sRNA-ACR-173-S1-TP2_R1_001.fastp-R1-31bp-auto_adapters-polyG.bam	R	<21	89485
/home/shared/8TB_HDD_01/sam/gitrepos/deep-dive/D-Apul/output/13.1-Apul-sRNAseq-ShortStack-R1-reads/ShortStack_out/sRNA-ACR-173-S1-TP2_R1_001.fastp-R1-31bp-auto_adapters-polyG.bam	R	21	18062
/home/shared/8TB_HDD_01/sam/gitrepos/deep-dive/D-Apul/output/13.1-Apul-sRNAseq-ShortStack-R1-reads/ShortStack_out/sRNA-ACR-173-S1-TP2_R1_001.fastp-R1-31bp-auto_adapters-polyG.bam	R	22	16508
/home/shared/8TB_HDD_01/sam/gitrepos/deep-dive/D-Apul/output/13.1-Apul-sRNAseq-ShortStack-R1-reads/ShortStack_out/sRNA-ACR-173-S1-TP2_R1_001.fastp-R1-31bp-auto_adapters-polyG.bam	R	23	21347
/home/shared/8TB_HDD_01/sam/gitrepos/deep-dive/D-Apul/output/13.1-Apul-sRNAseq-ShortStack-R1-reads/ShortStack_out/sRNA-ACR-173-S1-TP2_R1_001.fastp-R1-31bp-auto_adapters-polyG.bam	R	24	25187
/home/shared/8TB_HDD_01/sam/gitrepos/deep-dive/D-Apul/output/13.1-Apul-sRNAseq-ShortStack-R1-reads/ShortStack_out/sRNA-ACR-173-S1-TP2_R1_001.fastp-R1-31bp-auto_adapters-polyG.bam	R	>24	1280617
/home/shared/8TB_HDD_01/sam/gitrepos/deep-dive/D-Apul/output/13.1-Apul-sRNAseq-ShortStack-R1-reads/ShortStack_out/sRNA-ACR-173-S1-TP2_R1_001.fastp-R1-31bp-auto_adapters-polyG.bam	H	<21	29423
/home/shared/8TB_HDD_01/sam/gitrepos/deep-dive/D-Apul/output/13.1-Apul-sRNAseq-ShortStack-R1-reads/ShortStack_out/sRNA-ACR-173-S1-TP2_R1_001.fastp-R1-31bp-auto_adapters-polyG.bam	H	21	4370
/home/shared/8TB_HDD_01/sam/gitrepos/deep-dive/D-Apul/output/13.1-Apul-sRNAseq-ShortStack-R1-reads/ShortStack_out/sRNA-ACR-173-S1-TP2_R1_001.fastp-R1-31bp-auto_adapters-polyG.bam	H	22	3785
/home/shared/8TB_HDD_01/sam/gitrepos/deep-dive/D-Apul/output/13.1-Apul-sRNAseq-ShortStack-R1-reads/ShortStack_out/sRNA-ACR-173-S1-TP2_R1_001.fastp-R1-31bp-auto_adapters-polyG.bam	H	23	4762
/home/shared/8TB_HDD_01/sam/gitrepos/deep-dive/D-Apul/output/13.1-Apul-sRNAseq-ShortStack-R1-reads/ShortStack_out/sRNA-ACR-173-S1-TP2_R1_001.fastp-R1-31bp-auto_adapters-polyG.bam	H	24	5564
/home/shared/8TB_HDD_01/sam/gitrepos/deep-dive/D-Apul/output/13.1-Apul-sRNAseq-ShortStack-R1-reads/ShortStack_out/sRNA-ACR-173-S1-TP2_R1_001.fastp-R1-31bp-auto_adapters-polyG.bam	H	>24	230397
/home/shared/8TB_HDD_01/sam/gitrepos/deep-dive/D-Apul/output/13.1-Apul-sRNAseq-ShortStack-R1-reads/ShortStack_out/sRNA-ACR-173-S1-TP2_R1_001.fastp-R1-31bp-auto_adapters-polyG.bam	N	<21	198034
/home/shared/8TB_HDD_01/sam/gitrepos/deep-dive/D-Apul/output/13.1-Apul-sRNAseq-ShortStack-R1-reads/ShortStack_out/sRNA-ACR-173-S1-TP2_R1_001.fastp-R1-31bp-auto_adapters-polyG.bam	N	21	73486
/home/shared/8TB_HDD_01/sam/gitrepos/deep-dive/D-Apul/output/13.1-Apul-sRNAseq-ShortStack-R1-reads/ShortStack_out/sRNA-ACR-173-S1-TP2_R1_001.fastp-R1-31bp-auto_adapters-polyG.bam	N	22	83536
/home/shared/8TB_HDD_01/sam/gitrepos/deep-dive/D-Apul/output/13.1-Apul-sRNAseq-ShortStack-R1-reads/ShortStack_out/sRNA-ACR-173-S1-TP2_R1_001.fastp-R1-31bp-auto_adapters-polyG.bam	N	23	89951
/home/shared/8TB_HDD_01/sam/gitrepos/deep-dive/D-Apul/output/13.1-Apul-sRNAseq-ShortStack-R1-reads/ShortStack_out/sRNA-ACR-173-S1-TP2_R1_001.fastp-R1-31bp-auto_adapters-polyG.bam	N	24	104311
/home/shared/8TB_HDD_01/sam/gitrepos/deep-dive/D-Apul/output/13.1-Apul-sRNAseq-ShortStack-R1-reads/ShortStack_out/sRNA-ACR-173-S1-TP2_R1_001.fastp-R1-31bp-auto_adapters-polyG.bam	N	>24	4377875
/home/shared/8TB_HDD_01/sam/gitrepos/deep-dive/D-Apul/output/13.1-Apul-sRNAseq-ShortStack-R1-reads/ShortStack_out/sRNA-ACR-178-S1-TP2_R1_001.fastp-R1-31bp-auto_adapters-polyG.bam	U	<21	360977
/home/shared/8TB_HDD_01/sam/gitrepos/deep-dive/D-Apul/output/13.1-Apul-sRNAseq-ShortStack-R1-reads/ShortStack_out/sRNA-ACR-178-S1-TP2_R1_001.fastp-R1-31bp-auto_adapters-polyG.bam	U	21	77492
/home/shared/8TB_HDD_01/sam/gitrepos/deep-dive/D-Apul/output/13.1-Apul-sRNAseq-ShortStack-R1-reads/ShortStack_out/sRNA-ACR-178-S1-TP2_R1_001.fastp-R1-31bp-auto_adapters-polyG.bam	U	22	195738
/home/shared/8TB_HDD_01/sam/gitrepos/deep-dive/D-Apul/output/13.1-Apul-sRNAseq-ShortStack-R1-reads/ShortStack_out/sRNA-ACR-178-S1-TP2_R1_001.fastp-R1-31bp-auto_adapters-polyG.bam	U	23	86189
/home/shared/8TB_HDD_01/sam/gitrepos/deep-dive/D-Apul/output/13.1-Apul-sRNAseq-ShortStack-R1-reads/ShortStack_out/sRNA-ACR-178-S1-TP2_R1_001.fastp-R1-31bp-auto_adapters-polyG.bam	U	24	97979
/home/shared/8TB_HDD_01/sam/gitrepos/deep-dive/D-Apul/output/13.1-Apul-sRNAseq-ShortStack-R1-reads/ShortStack_out/sRNA-ACR-178-S1-TP2_R1_001.fastp-R1-31bp-auto_adapters-polyG.bam	U	>24	2476854
/home/shared/8TB_HDD_01/sam/gitrepos/deep-dive/D-Apul/output/13.1-Apul-sRNAseq-ShortStack-R1-reads/ShortStack_out/sRNA-ACR-178-S1-TP2_R1_001.fastp-R1-31bp-auto_adapters-polyG.bam	P	<21	388743
/home/shared/8TB_HDD_01/sam/gitrepos/deep-dive/D-Apul/output/13.1-Apul-sRNAseq-ShortStack-R1-reads/ShortStack_out/sRNA-ACR-178-S1-TP2_R1_001.fastp-R1-31bp-auto_adapters-polyG.bam	P	21	68672
/home/shared/8TB_HDD_01/sam/gitrepos/deep-dive/D-Apul/output/13.1-Apul-sRNAseq-ShortStack-R1-reads/ShortStack_out/sRNA-ACR-178-S1-TP2_R1_001.fastp-R1-31bp-auto_adapters-polyG.bam	P	22	72686
/home/shared/8TB_HDD_01/sam/gitrepos/deep-dive/D-Apul/output/13.1-Apul-sRNAseq-ShortStack-R1-reads/ShortStack_out/sRNA-ACR-178-S1-TP2_R1_001.fastp-R1-31bp-auto_adapters-polyG.bam	P	23	57387
/home/shared/8TB_HDD_01/sam/gitrepos/deep-dive/D-Apul/output/13.1-Apul-sRNAseq-ShortStack-R1-reads/ShortStack_out/sRNA-ACR-178-S1-TP2_R1_001.fastp-R1-31bp-auto_adapters-polyG.bam	P	24	78134
/home/shared/8TB_HDD_01/sam/gitrepos/deep-dive/D-Apul/output/13.1-Apul-sRNAseq-ShortStack-R1-reads/ShortStack_out/sRNA-ACR-178-S1-TP2_R1_001.fastp-R1-31bp-auto_adapters-polyG.bam	P	>24	4768318
/home/shared/8TB_HDD_01/sam/gitrepos/deep-dive/D-Apul/output/13.1-Apul-sRNAseq-ShortStack-R1-reads/ShortStack_out/sRNA-ACR-178-S1-TP2_R1_001.fastp-R1-31bp-auto_adapters-polyG.bam	R	<21	104607
/home/shared/8TB_HDD_01/sam/gitrepos/deep-dive/D-Apul/output/13.1-Apul-sRNAseq-ShortStack-R1-reads/ShortStack_out/sRNA-ACR-178-S1-TP2_R1_001.fastp-R1-31bp-auto_adapters-polyG.bam	R	21	17846
/home/shared/8TB_HDD_01/sam/gitrepos/deep-dive/D-Apul/output/13.1-Apul-sRNAseq-ShortStack-R1-reads/ShortStack_out/sRNA-ACR-178-S1-TP2_R1_001.fastp-R1-31bp-auto_adapters-polyG.bam	R	22	19416
/home/shared/8TB_HDD_01/sam/gitrepos/deep-dive/D-Apul/output/13.1-Apul-sRNAseq-ShortStack-R1-reads/ShortStack_out/sRNA-ACR-178-S1-TP2_R1_001.fastp-R1-31bp-auto_adapters-polyG.bam	R	23	22940
/home/shared/8TB_HDD_01/sam/gitrepos/deep-dive/D-Apul/output/13.1-Apul-sRNAseq-ShortStack-R1-reads/ShortStack_out/sRNA-ACR-178-S1-TP2_R1_001.fastp-R1-31bp-auto_adapters-polyG.bam	R	24	25665
/home/shared/8TB_HDD_01/sam/gitrepos/deep-dive/D-Apul/output/13.1-Apul-sRNAseq-ShortStack-R1-reads/ShortStack_out/sRNA-ACR-178-S1-TP2_R1_001.fastp-R1-31bp-auto_adapters-polyG.bam	R	>24	1055997
/home/shared/8TB_HDD_01/sam/gitrepos/deep-dive/D-Apul/output/13.1-Apul-sRNAseq-ShortStack-R1-reads/ShortStack_out/sRNA-ACR-178-S1-TP2_R1_001.fastp-R1-31bp-auto_adapters-polyG.bam	H	<21	32050
/home/shared/8TB_HDD_01/sam/gitrepos/deep-dive/D-Apul/output/13.1-Apul-sRNAseq-ShortStack-R1-reads/ShortStack_out/sRNA-ACR-178-S1-TP2_R1_001.fastp-R1-31bp-auto_adapters-polyG.bam	H	21	4637
/home/shared/8TB_HDD_01/sam/gitrepos/deep-dive/D-Apul/output/13.1-Apul-sRNAseq-ShortStack-R1-reads/ShortStack_out/sRNA-ACR-178-S1-TP2_R1_001.fastp-R1-31bp-auto_adapters-polyG.bam	H	22	5298
/home/shared/8TB_HDD_01/sam/gitrepos/deep-dive/D-Apul/output/13.1-Apul-sRNAseq-ShortStack-R1-reads/ShortStack_out/sRNA-ACR-178-S1-TP2_R1_001.fastp-R1-31bp-auto_adapters-polyG.bam	H	23	4474
/home/shared/8TB_HDD_01/sam/gitrepos/deep-dive/D-Apul/output/13.1-Apul-sRNAseq-ShortStack-R1-reads/ShortStack_out/sRNA-ACR-178-S1-TP2_R1_001.fastp-R1-31bp-auto_adapters-polyG.bam	H	24	6194
/home/shared/8TB_HDD_01/sam/gitrepos/deep-dive/D-Apul/output/13.1-Apul-sRNAseq-ShortStack-R1-reads/ShortStack_out/sRNA-ACR-178-S1-TP2_R1_001.fastp-R1-31bp-auto_adapters-polyG.bam	H	>24	256561
/home/shared/8TB_HDD_01/sam/gitrepos/deep-dive/D-Apul/output/13.1-Apul-sRNAseq-ShortStack-R1-reads/ShortStack_out/sRNA-ACR-178-S1-TP2_R1_001.fastp-R1-31bp-auto_adapters-polyG.bam	N	<21	266866
/home/shared/8TB_HDD_01/sam/gitrepos/deep-dive/D-Apul/output/13.1-Apul-sRNAseq-ShortStack-R1-reads/ShortStack_out/sRNA-ACR-178-S1-TP2_R1_001.fastp-R1-31bp-auto_adapters-polyG.bam	N	21	93448
/home/shared/8TB_HDD_01/sam/gitrepos/deep-dive/D-Apul/output/13.1-Apul-sRNAseq-ShortStack-R1-reads/ShortStack_out/sRNA-ACR-178-S1-TP2_R1_001.fastp-R1-31bp-auto_adapters-polyG.bam	N	22	128903
/home/shared/8TB_HDD_01/sam/gitrepos/deep-dive/D-Apul/output/13.1-Apul-sRNAseq-ShortStack-R1-reads/ShortStack_out/sRNA-ACR-178-S1-TP2_R1_001.fastp-R1-31bp-auto_adapters-polyG.bam	N	23	114005
/home/shared/8TB_HDD_01/sam/gitrepos/deep-dive/D-Apul/output/13.1-Apul-sRNAseq-ShortStack-R1-reads/ShortStack_out/sRNA-ACR-178-S1-TP2_R1_001.fastp-R1-31bp-auto_adapters-polyG.bam	N	24	115800
/home/shared/8TB_HDD_01/sam/gitrepos/deep-dive/D-Apul/output/13.1-Apul-sRNAseq-ShortStack-R1-reads/ShortStack_out/sRNA-ACR-178-S1-TP2_R1_001.fastp-R1-31bp-auto_adapters-polyG.bam	N	>24	3604292
/home/shared/8TB_HDD_01/sam/gitrepos/deep-dive/D-Apul/output/13.1-Apul-sRNAseq-ShortStack-R1-reads/ShortStack_out/sRNA-POR-73-S1-TP2_R1_001.fastp-R1-31bp-auto_adapters-polyG.bam	U	<21	514888
/home/shared/8TB_HDD_01/sam/gitrepos/deep-dive/D-Apul/output/13.1-Apul-sRNAseq-ShortStack-R1-reads/ShortStack_out/sRNA-POR-73-S1-TP2_R1_001.fastp-R1-31bp-auto_adapters-polyG.bam	U	21	78190
/home/shared/8TB_HDD_01/sam/gitrepos/deep-dive/D-Apul/output/13.1-Apul-sRNAseq-ShortStack-R1-reads/ShortStack_out/sRNA-POR-73-S1-TP2_R1_001.fastp-R1-31bp-auto_adapters-polyG.bam	U	22	29794
/home/shared/8TB_HDD_01/sam/gitrepos/deep-dive/D-Apul/output/13.1-Apul-sRNAseq-ShortStack-R1-reads/ShortStack_out/sRNA-POR-73-S1-TP2_R1_001.fastp-R1-31bp-auto_adapters-polyG.bam	U	23	14639
/home/shared/8TB_HDD_01/sam/gitrepos/deep-dive/D-Apul/output/13.1-Apul-sRNAseq-ShortStack-R1-reads/ShortStack_out/sRNA-POR-73-S1-TP2_R1_001.fastp-R1-31bp-auto_adapters-polyG.bam	U	24	20814
/home/shared/8TB_HDD_01/sam/gitrepos/deep-dive/D-Apul/output/13.1-Apul-sRNAseq-ShortStack-R1-reads/ShortStack_out/sRNA-POR-73-S1-TP2_R1_001.fastp-R1-31bp-auto_adapters-polyG.bam	U	>24	253702
/home/shared/8TB_HDD_01/sam/gitrepos/deep-dive/D-Apul/output/13.1-Apul-sRNAseq-ShortStack-R1-reads/ShortStack_out/sRNA-POR-73-S1-TP2_R1_001.fastp-R1-31bp-auto_adapters-polyG.bam	P	<21	1004126
/home/shared/8TB_HDD_01/sam/gitrepos/deep-dive/D-Apul/output/13.1-Apul-sRNAseq-ShortStack-R1-reads/ShortStack_out/sRNA-POR-73-S1-TP2_R1_001.fastp-R1-31bp-auto_adapters-polyG.bam	P	21	19289
/home/shared/8TB_HDD_01/sam/gitrepos/deep-dive/D-Apul/output/13.1-Apul-sRNAseq-ShortStack-R1-reads/ShortStack_out/sRNA-POR-73-S1-TP2_R1_001.fastp-R1-31bp-auto_adapters-polyG.bam	P	22	17074
/home/shared/8TB_HDD_01/sam/gitrepos/deep-dive/D-Apul/output/13.1-Apul-sRNAseq-ShortStack-R1-reads/ShortStack_out/sRNA-POR-73-S1-TP2_R1_001.fastp-R1-31bp-auto_adapters-polyG.bam	P	23	18571
/home/shared/8TB_HDD_01/sam/gitrepos/deep-dive/D-Apul/output/13.1-Apul-sRNAseq-ShortStack-R1-reads/ShortStack_out/sRNA-POR-73-S1-TP2_R1_001.fastp-R1-31bp-auto_adapters-polyG.bam	P	24	16190
/home/shared/8TB_HDD_01/sam/gitrepos/deep-dive/D-Apul/output/13.1-Apul-sRNAseq-ShortStack-R1-reads/ShortStack_out/sRNA-POR-73-S1-TP2_R1_001.fastp-R1-31bp-auto_adapters-polyG.bam	P	>24	424922
/home/shared/8TB_HDD_01/sam/gitrepos/deep-dive/D-Apul/output/13.1-Apul-sRNAseq-ShortStack-R1-reads/ShortStack_out/sRNA-POR-73-S1-TP2_R1_001.fastp-R1-31bp-auto_adapters-polyG.bam	R	<21	301443
/home/shared/8TB_HDD_01/sam/gitrepos/deep-dive/D-Apul/output/13.1-Apul-sRNAseq-ShortStack-R1-reads/ShortStack_out/sRNA-POR-73-S1-TP2_R1_001.fastp-R1-31bp-auto_adapters-polyG.bam	R	21	15745
/home/shared/8TB_HDD_01/sam/gitrepos/deep-dive/D-Apul/output/13.1-Apul-sRNAseq-ShortStack-R1-reads/ShortStack_out/sRNA-POR-73-S1-TP2_R1_001.fastp-R1-31bp-auto_adapters-polyG.bam	R	22	12629
/home/shared/8TB_HDD_01/sam/gitrepos/deep-dive/D-Apul/output/13.1-Apul-sRNAseq-ShortStack-R1-reads/ShortStack_out/sRNA-POR-73-S1-TP2_R1_001.fastp-R1-31bp-auto_adapters-polyG.bam	R	23	12543
/home/shared/8TB_HDD_01/sam/gitrepos/deep-dive/D-Apul/output/13.1-Apul-sRNAseq-ShortStack-R1-reads/ShortStack_out/sRNA-POR-73-S1-TP2_R1_001.fastp-R1-31bp-auto_adapters-polyG.bam	R	24	15209
/home/shared/8TB_HDD_01/sam/gitrepos/deep-dive/D-Apul/output/13.1-Apul-sRNAseq-ShortStack-R1-reads/ShortStack_out/sRNA-POR-73-S1-TP2_R1_001.fastp-R1-31bp-auto_adapters-polyG.bam	R	>24	155100
/home/shared/8TB_HDD_01/sam/gitrepos/deep-dive/D-Apul/output/13.1-Apul-sRNAseq-ShortStack-R1-reads/ShortStack_out/sRNA-POR-73-S1-TP2_R1_001.fastp-R1-31bp-auto_adapters-polyG.bam	H	<21	35282
/home/shared/8TB_HDD_01/sam/gitrepos/deep-dive/D-Apul/output/13.1-Apul-sRNAseq-ShortStack-R1-reads/ShortStack_out/sRNA-POR-73-S1-TP2_R1_001.fastp-R1-31bp-auto_adapters-polyG.bam	H	21	476
/home/shared/8TB_HDD_01/sam/gitrepos/deep-dive/D-Apul/output/13.1-Apul-sRNAseq-ShortStack-R1-reads/ShortStack_out/sRNA-POR-73-S1-TP2_R1_001.fastp-R1-31bp-auto_adapters-polyG.bam	H	22	298
/home/shared/8TB_HDD_01/sam/gitrepos/deep-dive/D-Apul/output/13.1-Apul-sRNAseq-ShortStack-R1-reads/ShortStack_out/sRNA-POR-73-S1-TP2_R1_001.fastp-R1-31bp-auto_adapters-polyG.bam	H	23	267
/home/shared/8TB_HDD_01/sam/gitrepos/deep-dive/D-Apul/output/13.1-Apul-sRNAseq-ShortStack-R1-reads/ShortStack_out/sRNA-POR-73-S1-TP2_R1_001.fastp-R1-31bp-auto_adapters-polyG.bam	H	24	306
/home/shared/8TB_HDD_01/sam/gitrepos/deep-dive/D-Apul/output/13.1-Apul-sRNAseq-ShortStack-R1-reads/ShortStack_out/sRNA-POR-73-S1-TP2_R1_001.fastp-R1-31bp-auto_adapters-polyG.bam	H	>24	1492
/home/shared/8TB_HDD_01/sam/gitrepos/deep-dive/D-Apul/output/13.1-Apul-sRNAseq-ShortStack-R1-reads/ShortStack_out/sRNA-POR-73-S1-TP2_R1_001.fastp-R1-31bp-auto_adapters-polyG.bam	N	<21	1231803
/home/shared/8TB_HDD_01/sam/gitrepos/deep-dive/D-Apul/output/13.1-Apul-sRNAseq-ShortStack-R1-reads/ShortStack_out/sRNA-POR-73-S1-TP2_R1_001.fastp-R1-31bp-auto_adapters-polyG.bam	N	21	435987
/home/shared/8TB_HDD_01/sam/gitrepos/deep-dive/D-Apul/output/13.1-Apul-sRNAseq-ShortStack-R1-reads/ShortStack_out/sRNA-POR-73-S1-TP2_R1_001.fastp-R1-31bp-auto_adapters-polyG.bam	N	22	807072
/home/shared/8TB_HDD_01/sam/gitrepos/deep-dive/D-Apul/output/13.1-Apul-sRNAseq-ShortStack-R1-reads/ShortStack_out/sRNA-POR-73-S1-TP2_R1_001.fastp-R1-31bp-auto_adapters-polyG.bam	N	23	447983
/home/shared/8TB_HDD_01/sam/gitrepos/deep-dive/D-Apul/output/13.1-Apul-sRNAseq-ShortStack-R1-reads/ShortStack_out/sRNA-POR-73-S1-TP2_R1_001.fastp-R1-31bp-auto_adapters-polyG.bam	N	24	803898
/home/shared/8TB_HDD_01/sam/gitrepos/deep-dive/D-Apul/output/13.1-Apul-sRNAseq-ShortStack-R1-reads/ShortStack_out/sRNA-POR-73-S1-TP2_R1_001.fastp-R1-31bp-auto_adapters-polyG.bam	N	>24	6347446
/home/shared/8TB_HDD_01/sam/gitrepos/deep-dive/D-Apul/output/13.1-Apul-sRNAseq-ShortStack-R1-reads/ShortStack_out/sRNA-POR-79-S1-TP2_R1_001.fastp-R1-31bp-auto_adapters-polyG.bam	U	<21	397971
/home/shared/8TB_HDD_01/sam/gitrepos/deep-dive/D-Apul/output/13.1-Apul-sRNAseq-ShortStack-R1-reads/ShortStack_out/sRNA-POR-79-S1-TP2_R1_001.fastp-R1-31bp-auto_adapters-polyG.bam	U	21	51343
/home/shared/8TB_HDD_01/sam/gitrepos/deep-dive/D-Apul/output/13.1-Apul-sRNAseq-ShortStack-R1-reads/ShortStack_out/sRNA-POR-79-S1-TP2_R1_001.fastp-R1-31bp-auto_adapters-polyG.bam	U	22	35143
/home/shared/8TB_HDD_01/sam/gitrepos/deep-dive/D-Apul/output/13.1-Apul-sRNAseq-ShortStack-R1-reads/ShortStack_out/sRNA-POR-79-S1-TP2_R1_001.fastp-R1-31bp-auto_adapters-polyG.bam	U	23	17389
/home/shared/8TB_HDD_01/sam/gitrepos/deep-dive/D-Apul/output/13.1-Apul-sRNAseq-ShortStack-R1-reads/ShortStack_out/sRNA-POR-79-S1-TP2_R1_001.fastp-R1-31bp-auto_adapters-polyG.bam	U	24	33033
/home/shared/8TB_HDD_01/sam/gitrepos/deep-dive/D-Apul/output/13.1-Apul-sRNAseq-ShortStack-R1-reads/ShortStack_out/sRNA-POR-79-S1-TP2_R1_001.fastp-R1-31bp-auto_adapters-polyG.bam	U	>24	684515
/home/shared/8TB_HDD_01/sam/gitrepos/deep-dive/D-Apul/output/13.1-Apul-sRNAseq-ShortStack-R1-reads/ShortStack_out/sRNA-POR-79-S1-TP2_R1_001.fastp-R1-31bp-auto_adapters-polyG.bam	P	<21	641287
/home/shared/8TB_HDD_01/sam/gitrepos/deep-dive/D-Apul/output/13.1-Apul-sRNAseq-ShortStack-R1-reads/ShortStack_out/sRNA-POR-79-S1-TP2_R1_001.fastp-R1-31bp-auto_adapters-polyG.bam	P	21	23968
/home/shared/8TB_HDD_01/sam/gitrepos/deep-dive/D-Apul/output/13.1-Apul-sRNAseq-ShortStack-R1-reads/ShortStack_out/sRNA-POR-79-S1-TP2_R1_001.fastp-R1-31bp-auto_adapters-polyG.bam	P	22	28949
/home/shared/8TB_HDD_01/sam/gitrepos/deep-dive/D-Apul/output/13.1-Apul-sRNAseq-ShortStack-R1-reads/ShortStack_out/sRNA-POR-79-S1-TP2_R1_001.fastp-R1-31bp-auto_adapters-polyG.bam	P	23	28974
/home/shared/8TB_HDD_01/sam/gitrepos/deep-dive/D-Apul/output/13.1-Apul-sRNAseq-ShortStack-R1-reads/ShortStack_out/sRNA-POR-79-S1-TP2_R1_001.fastp-R1-31bp-auto_adapters-polyG.bam	P	24	18685
/home/shared/8TB_HDD_01/sam/gitrepos/deep-dive/D-Apul/output/13.1-Apul-sRNAseq-ShortStack-R1-reads/ShortStack_out/sRNA-POR-79-S1-TP2_R1_001.fastp-R1-31bp-auto_adapters-polyG.bam	P	>24	1177305
/home/shared/8TB_HDD_01/sam/gitrepos/deep-dive/D-Apul/output/13.1-Apul-sRNAseq-ShortStack-R1-reads/ShortStack_out/sRNA-POR-79-S1-TP2_R1_001.fastp-R1-31bp-auto_adapters-polyG.bam	R	<21	301287
/home/shared/8TB_HDD_01/sam/gitrepos/deep-dive/D-Apul/output/13.1-Apul-sRNAseq-ShortStack-R1-reads/ShortStack_out/sRNA-POR-79-S1-TP2_R1_001.fastp-R1-31bp-auto_adapters-polyG.bam	R	21	19647
/home/shared/8TB_HDD_01/sam/gitrepos/deep-dive/D-Apul/output/13.1-Apul-sRNAseq-ShortStack-R1-reads/ShortStack_out/sRNA-POR-79-S1-TP2_R1_001.fastp-R1-31bp-auto_adapters-polyG.bam	R	22	16893
/home/shared/8TB_HDD_01/sam/gitrepos/deep-dive/D-Apul/output/13.1-Apul-sRNAseq-ShortStack-R1-reads/ShortStack_out/sRNA-POR-79-S1-TP2_R1_001.fastp-R1-31bp-auto_adapters-polyG.bam	R	23	15181
/home/shared/8TB_HDD_01/sam/gitrepos/deep-dive/D-Apul/output/13.1-Apul-sRNAseq-ShortStack-R1-reads/ShortStack_out/sRNA-POR-79-S1-TP2_R1_001.fastp-R1-31bp-auto_adapters-polyG.bam	R	24	18454
/home/shared/8TB_HDD_01/sam/gitrepos/deep-dive/D-Apul/output/13.1-Apul-sRNAseq-ShortStack-R1-reads/ShortStack_out/sRNA-POR-79-S1-TP2_R1_001.fastp-R1-31bp-auto_adapters-polyG.bam	R	>24	176619
/home/shared/8TB_HDD_01/sam/gitrepos/deep-dive/D-Apul/output/13.1-Apul-sRNAseq-ShortStack-R1-reads/ShortStack_out/sRNA-POR-79-S1-TP2_R1_001.fastp-R1-31bp-auto_adapters-polyG.bam	H	<21	49432
/home/shared/8TB_HDD_01/sam/gitrepos/deep-dive/D-Apul/output/13.1-Apul-sRNAseq-ShortStack-R1-reads/ShortStack_out/sRNA-POR-79-S1-TP2_R1_001.fastp-R1-31bp-auto_adapters-polyG.bam	H	21	656
/home/shared/8TB_HDD_01/sam/gitrepos/deep-dive/D-Apul/output/13.1-Apul-sRNAseq-ShortStack-R1-reads/ShortStack_out/sRNA-POR-79-S1-TP2_R1_001.fastp-R1-31bp-auto_adapters-polyG.bam	H	22	426
/home/shared/8TB_HDD_01/sam/gitrepos/deep-dive/D-Apul/output/13.1-Apul-sRNAseq-ShortStack-R1-reads/ShortStack_out/sRNA-POR-79-S1-TP2_R1_001.fastp-R1-31bp-auto_adapters-polyG.bam	H	23	207
/home/shared/8TB_HDD_01/sam/gitrepos/deep-dive/D-Apul/output/13.1-Apul-sRNAseq-ShortStack-R1-reads/ShortStack_out/sRNA-POR-79-S1-TP2_R1_001.fastp-R1-31bp-auto_adapters-polyG.bam	H	24	231
/home/shared/8TB_HDD_01/sam/gitrepos/deep-dive/D-Apul/output/13.1-Apul-sRNAseq-ShortStack-R1-reads/ShortStack_out/sRNA-POR-79-S1-TP2_R1_001.fastp-R1-31bp-auto_adapters-polyG.bam	H	>24	2375
/home/shared/8TB_HDD_01/sam/gitrepos/deep-dive/D-Apul/output/13.1-Apul-sRNAseq-ShortStack-R1-reads/ShortStack_out/sRNA-POR-79-S1-TP2_R1_001.fastp-R1-31bp-auto_adapters-polyG.bam	N	<21	844046
/home/shared/8TB_HDD_01/sam/gitrepos/deep-dive/D-Apul/output/13.1-Apul-sRNAseq-ShortStack-R1-reads/ShortStack_out/sRNA-POR-79-S1-TP2_R1_001.fastp-R1-31bp-auto_adapters-polyG.bam	N	21	367269
/home/shared/8TB_HDD_01/sam/gitrepos/deep-dive/D-Apul/output/13.1-Apul-sRNAseq-ShortStack-R1-reads/ShortStack_out/sRNA-POR-79-S1-TP2_R1_001.fastp-R1-31bp-auto_adapters-polyG.bam	N	22	448631
/home/shared/8TB_HDD_01/sam/gitrepos/deep-dive/D-Apul/output/13.1-Apul-sRNAseq-ShortStack-R1-reads/ShortStack_out/sRNA-POR-79-S1-TP2_R1_001.fastp-R1-31bp-auto_adapters-polyG.bam	N	23	381120
/home/shared/8TB_HDD_01/sam/gitrepos/deep-dive/D-Apul/output/13.1-Apul-sRNAseq-ShortStack-R1-reads/ShortStack_out/sRNA-POR-79-S1-TP2_R1_001.fastp-R1-31bp-auto_adapters-polyG.bam	N	24	432212
/home/shared/8TB_HDD_01/sam/gitrepos/deep-dive/D-Apul/output/13.1-Apul-sRNAseq-ShortStack-R1-reads/ShortStack_out/sRNA-POR-79-S1-TP2_R1_001.fastp-R1-31bp-auto_adapters-polyG.bam	N	>24	6588178
/home/shared/8TB_HDD_01/sam/gitrepos/deep-dive/D-Apul/output/13.1-Apul-sRNAseq-ShortStack-R1-reads/ShortStack_out/sRNA-POR-82-S1-TP2_R1_001.fastp-R1-31bp-auto_adapters-polyG.bam	U	<21	481417
/home/shared/8TB_HDD_01/sam/gitrepos/deep-dive/D-Apul/output/13.1-Apul-sRNAseq-ShortStack-R1-reads/ShortStack_out/sRNA-POR-82-S1-TP2_R1_001.fastp-R1-31bp-auto_adapters-polyG.bam	U	21	29360
/home/shared/8TB_HDD_01/sam/gitrepos/deep-dive/D-Apul/output/13.1-Apul-sRNAseq-ShortStack-R1-reads/ShortStack_out/sRNA-POR-82-S1-TP2_R1_001.fastp-R1-31bp-auto_adapters-polyG.bam	U	22	35594
/home/shared/8TB_HDD_01/sam/gitrepos/deep-dive/D-Apul/output/13.1-Apul-sRNAseq-ShortStack-R1-reads/ShortStack_out/sRNA-POR-82-S1-TP2_R1_001.fastp-R1-31bp-auto_adapters-polyG.bam	U	23	20713
/home/shared/8TB_HDD_01/sam/gitrepos/deep-dive/D-Apul/output/13.1-Apul-sRNAseq-ShortStack-R1-reads/ShortStack_out/sRNA-POR-82-S1-TP2_R1_001.fastp-R1-31bp-auto_adapters-polyG.bam	U	24	32705
/home/shared/8TB_HDD_01/sam/gitrepos/deep-dive/D-Apul/output/13.1-Apul-sRNAseq-ShortStack-R1-reads/ShortStack_out/sRNA-POR-82-S1-TP2_R1_001.fastp-R1-31bp-auto_adapters-polyG.bam	U	>24	830574
/home/shared/8TB_HDD_01/sam/gitrepos/deep-dive/D-Apul/output/13.1-Apul-sRNAseq-ShortStack-R1-reads/ShortStack_out/sRNA-POR-82-S1-TP2_R1_001.fastp-R1-31bp-auto_adapters-polyG.bam	P	<21	669342
/home/shared/8TB_HDD_01/sam/gitrepos/deep-dive/D-Apul/output/13.1-Apul-sRNAseq-ShortStack-R1-reads/ShortStack_out/sRNA-POR-82-S1-TP2_R1_001.fastp-R1-31bp-auto_adapters-polyG.bam	P	21	27550
/home/shared/8TB_HDD_01/sam/gitrepos/deep-dive/D-Apul/output/13.1-Apul-sRNAseq-ShortStack-R1-reads/ShortStack_out/sRNA-POR-82-S1-TP2_R1_001.fastp-R1-31bp-auto_adapters-polyG.bam	P	22	25907
/home/shared/8TB_HDD_01/sam/gitrepos/deep-dive/D-Apul/output/13.1-Apul-sRNAseq-ShortStack-R1-reads/ShortStack_out/sRNA-POR-82-S1-TP2_R1_001.fastp-R1-31bp-auto_adapters-polyG.bam	P	23	25326
/home/shared/8TB_HDD_01/sam/gitrepos/deep-dive/D-Apul/output/13.1-Apul-sRNAseq-ShortStack-R1-reads/ShortStack_out/sRNA-POR-82-S1-TP2_R1_001.fastp-R1-31bp-auto_adapters-polyG.bam	P	24	24739
/home/shared/8TB_HDD_01/sam/gitrepos/deep-dive/D-Apul/output/13.1-Apul-sRNAseq-ShortStack-R1-reads/ShortStack_out/sRNA-POR-82-S1-TP2_R1_001.fastp-R1-31bp-auto_adapters-polyG.bam	P	>24	1250712
/home/shared/8TB_HDD_01/sam/gitrepos/deep-dive/D-Apul/output/13.1-Apul-sRNAseq-ShortStack-R1-reads/ShortStack_out/sRNA-POR-82-S1-TP2_R1_001.fastp-R1-31bp-auto_adapters-polyG.bam	R	<21	320536
/home/shared/8TB_HDD_01/sam/gitrepos/deep-dive/D-Apul/output/13.1-Apul-sRNAseq-ShortStack-R1-reads/ShortStack_out/sRNA-POR-82-S1-TP2_R1_001.fastp-R1-31bp-auto_adapters-polyG.bam	R	21	20305
/home/shared/8TB_HDD_01/sam/gitrepos/deep-dive/D-Apul/output/13.1-Apul-sRNAseq-ShortStack-R1-reads/ShortStack_out/sRNA-POR-82-S1-TP2_R1_001.fastp-R1-31bp-auto_adapters-polyG.bam	R	22	17163
/home/shared/8TB_HDD_01/sam/gitrepos/deep-dive/D-Apul/output/13.1-Apul-sRNAseq-ShortStack-R1-reads/ShortStack_out/sRNA-POR-82-S1-TP2_R1_001.fastp-R1-31bp-auto_adapters-polyG.bam	R	23	20680
/home/shared/8TB_HDD_01/sam/gitrepos/deep-dive/D-Apul/output/13.1-Apul-sRNAseq-ShortStack-R1-reads/ShortStack_out/sRNA-POR-82-S1-TP2_R1_001.fastp-R1-31bp-auto_adapters-polyG.bam	R	24	23235
/home/shared/8TB_HDD_01/sam/gitrepos/deep-dive/D-Apul/output/13.1-Apul-sRNAseq-ShortStack-R1-reads/ShortStack_out/sRNA-POR-82-S1-TP2_R1_001.fastp-R1-31bp-auto_adapters-polyG.bam	R	>24	217985
/home/shared/8TB_HDD_01/sam/gitrepos/deep-dive/D-Apul/output/13.1-Apul-sRNAseq-ShortStack-R1-reads/ShortStack_out/sRNA-POR-82-S1-TP2_R1_001.fastp-R1-31bp-auto_adapters-polyG.bam	H	<21	39223
/home/shared/8TB_HDD_01/sam/gitrepos/deep-dive/D-Apul/output/13.1-Apul-sRNAseq-ShortStack-R1-reads/ShortStack_out/sRNA-POR-82-S1-TP2_R1_001.fastp-R1-31bp-auto_adapters-polyG.bam	H	21	539
/home/shared/8TB_HDD_01/sam/gitrepos/deep-dive/D-Apul/output/13.1-Apul-sRNAseq-ShortStack-R1-reads/ShortStack_out/sRNA-POR-82-S1-TP2_R1_001.fastp-R1-31bp-auto_adapters-polyG.bam	H	22	311
/home/shared/8TB_HDD_01/sam/gitrepos/deep-dive/D-Apul/output/13.1-Apul-sRNAseq-ShortStack-R1-reads/ShortStack_out/sRNA-POR-82-S1-TP2_R1_001.fastp-R1-31bp-auto_adapters-polyG.bam	H	23	208
/home/shared/8TB_HDD_01/sam/gitrepos/deep-dive/D-Apul/output/13.1-Apul-sRNAseq-ShortStack-R1-reads/ShortStack_out/sRNA-POR-82-S1-TP2_R1_001.fastp-R1-31bp-auto_adapters-polyG.bam	H	24	199
/home/shared/8TB_HDD_01/sam/gitrepos/deep-dive/D-Apul/output/13.1-Apul-sRNAseq-ShortStack-R1-reads/ShortStack_out/sRNA-POR-82-S1-TP2_R1_001.fastp-R1-31bp-auto_adapters-polyG.bam	H	>24	1431
/home/shared/8TB_HDD_01/sam/gitrepos/deep-dive/D-Apul/output/13.1-Apul-sRNAseq-ShortStack-R1-reads/ShortStack_out/sRNA-POR-82-S1-TP2_R1_001.fastp-R1-31bp-auto_adapters-polyG.bam	N	<21	988781
/home/shared/8TB_HDD_01/sam/gitrepos/deep-dive/D-Apul/output/13.1-Apul-sRNAseq-ShortStack-R1-reads/ShortStack_out/sRNA-POR-82-S1-TP2_R1_001.fastp-R1-31bp-auto_adapters-polyG.bam	N	21	413979
/home/shared/8TB_HDD_01/sam/gitrepos/deep-dive/D-Apul/output/13.1-Apul-sRNAseq-ShortStack-R1-reads/ShortStack_out/sRNA-POR-82-S1-TP2_R1_001.fastp-R1-31bp-auto_adapters-polyG.bam	N	22	559228
/home/shared/8TB_HDD_01/sam/gitrepos/deep-dive/D-Apul/output/13.1-Apul-sRNAseq-ShortStack-R1-reads/ShortStack_out/sRNA-POR-82-S1-TP2_R1_001.fastp-R1-31bp-auto_adapters-polyG.bam	N	23	432220
/home/shared/8TB_HDD_01/sam/gitrepos/deep-dive/D-Apul/output/13.1-Apul-sRNAseq-ShortStack-R1-reads/ShortStack_out/sRNA-POR-82-S1-TP2_R1_001.fastp-R1-31bp-auto_adapters-polyG.bam	N	24	542354
/home/shared/8TB_HDD_01/sam/gitrepos/deep-dive/D-Apul/output/13.1-Apul-sRNAseq-ShortStack-R1-reads/ShortStack_out/sRNA-POR-82-S1-TP2_R1_001.fastp-R1-31bp-auto_adapters-polyG.bam	N	>24	7411872
