Locus,Name,Chrom,Start,End,Length,Reads,DistinctSequences,FracTop,Strand,MajorRNA,MajorRNAReads,Short,Long,21,22,23,24,DicerCall,MIRNA,known_miRNAs,given_miRNA_name,SharedSequence,Notes
Pocillopora_meandrina_HIv1___Sc0000000:818027-818120,Cluster_21,Pocillopora_meandrina_HIv1___Sc0000000,818027,818120,94,12096,283,0.9990906085, + ,UGUUCUCUCUGCAGUAAGCAUGU,3258,393,78,202,3329,5487,2607,23,Y,NA,pmea-mir-novel-1,NA,NA
Pocillopora_meandrina_HIv1___Sc0000000:2872019-2872110,Cluster_37,Pocillopora_meandrina_HIv1___Sc0000000,2872019,2872110,92,177,29,1, + ,AUAGUAUUGUCGACAGGUACU,63,16,0,116,42,3,0,21,Y,NA,pmea-mir-novel-2,NA,NA
Pocillopora_meandrina_HIv1___Sc0000000:20372416-20372510,Cluster_361,Pocillopora_meandrina_HIv1___Sc0000000,20372416,20372510,95,522228,378,0,-,UCAAGUCUAGGCUGGUUAGUUU,361684,1294,19,20216,498308,2255,136,22,Y,spi-mir-temp-15_Stylophora_pistillata_Liew_et_al._2014_NA;spi-miR-L-temp-15_Stylophora_pistillata_Praher_et_al._2021_NA,pmea-mir-novel-3,NA,NA
Pocillopora_meandrina_HIv1___Sc0000001:19145766-19145858,Cluster_759,Pocillopora_meandrina_HIv1___Sc0000001,19145766,19145858,93,6322,255,1, + ,CGCUCUUAAAAUCUCCUAGCUAU,1605,1316,82,585,1212,2501,626,N,Y,NA,pmea-mir-novel-4,NA,NA
Pocillopora_meandrina_HIv1___Sc0000002:3841944-3842042,Cluster_918,Pocillopora_meandrina_HIv1___Sc0000002,3841944,3842042,99,106357,264,0,-,UUGUGUAACUCCCUAAGGAAGG,66971,4182,3,2786,98832,535,19,22,Y,NA,pmea-mir-novel-5,NA,NA
Pocillopora_meandrina_HIv1___Sc0000002:10845722-10845816,Cluster_1011,Pocillopora_meandrina_HIv1___Sc0000002,10845722,10845816,95,12003,340,0.008997750562,-,UUGCCGUUAACCCAAAACCUUCA,4844,286,129,442,5105,5860,181,23,Y,NA,pmea-mir-novel-6,NA,NA
Pocillopora_meandrina_HIv1___Sc0000002:15749261-15749351,Cluster_1066,Pocillopora_meandrina_HIv1___Sc0000002,15749261,15749351,91,267,31,1, + ,ACGCUAGGAAGGGAUGCCGGGA,162,9,4,32,201,19,2,22,Y,NA,pmea-mir-novel-7,apul-mir-novel-7,NA
Pocillopora_meandrina_HIv1___Sc0000002:16106559-16106650,Cluster_1078,Pocillopora_meandrina_HIv1___Sc0000002,16106559,16106650,92,2969,94,1, + ,UGUUAUUUUUAUCGUCCAUUAGU,1172,1055,9,61,209,1607,28,N,Y,NA,pmea-mir-novel-8,NA,NA
Pocillopora_meandrina_HIv1___Sc0000003:495066-495158,Cluster_1116,Pocillopora_meandrina_HIv1___Sc0000003,495066,495158,93,990,64,1, + ,UAUAUUGUACGACUCUCAUCGU,438,71,6,12,681,173,47,22,Y,spi-mir-temp-30_Stylophora_pistillata_Liew_et_al._2014_Close_match_of_nve-miR-2036.;Adi-Mir-2036_3p_Acropora_digitifera_Gajigan_&_Conaco_2017_nve-miR-2036-3p;_nve-miR-2036-3p;_spi-miR-temp-30;eca-nve-F-miR-2036_Edwardsiella_carnea_Praher_et_al._2021_Transcriptome-level;ami-nve-F-miR-2036-3p_Acropora_millepora_Praher_et_al._2021_NA;spi-nve-F-miR-2036_Stylophora_pistillata_Praher_et_al._2021_NA,pmea-mir-2036,apul-mir-2036; peve-mir-2036,NA
Pocillopora_meandrina_HIv1___Sc0000003:10129512-10129606,Cluster_1286,Pocillopora_meandrina_HIv1___Sc0000003,10129512,10129606,95,11292,233,0.0001771165427,-,CGAUGUACUUCAGAGCAAUUUUU,2869,397,119,3756,240,5015,1765,23,Y,spi-mir-temp-23_Stylophora_pistillata_Liew_et_al._2014_NA,pmea-mir-novel-9,NA,NA
Pocillopora_meandrina_HIv1___Sc0000003:10366033-10366130,Cluster_1292,Pocillopora_meandrina_HIv1___Sc0000003,10366033,10366130,98,858857,595,0.9999708915, + ,ACCCGUAGAUCCGAACUUGU,302900,453621,35,21036,380606,3365,194,N,Y,spi-mir-temp-1_Stylophora_pistillata_Liew_et_al._2014_Matches_miR-100_family.;apa-mir-100_Exaiptasia_pallida_Baumgarten_et_al._2017_miR-100;_Nve;_Spis;_Adi;eca-nve-F-miR-100_Edwardsiella_carnea_Praher_et_al._2021_Transcriptome-level;mse-nve-F-miR-100_Metridium_senile_Praher_et_al._2021_Transcriptome-level;sca-nve-F-miR-100_Scolanthus_callimorphus_Praher_et_al._2021_Transcriptome-level;epa-nve-F-miR-100_Exaiptasia_pallida_Praher_et_al._2021_NA;spi-nve-F-miR-100_Stylophora_pistillata_Praher_et_al._2021_NA;miR-100_Nematostella_vectensis_Moran_et_al._2014_NA;avi-miR-temp-100_Anemonia_viridis_Urbarova_et_al._2018_NA,pmea-mir-100,apul-mir-100; peve-mir-100,NA
Pocillopora_meandrina_HIv1___Sc0000005:601572-601666,Cluster_1794,Pocillopora_meandrina_HIv1___Sc0000005,601572,601666,95,129404,404,1, + ,AAAGAAGUACAAGUGGUAGGG,43823,39949,4,68298,20913,235,5,N,Y,spi-mir-temp-4_Stylophora_pistillata_Liew_et_al._2014_Exact_match_of_nve-miR-2023.;apa-mir-2023_Exaiptasia_pallida_Baumgarten_et_al._2017_miR-2023;_Nve;_Spis;_Adi;Adi-Mir-2023_3p_Acropora_digitifera_Gajigan_&_Conaco_2017_nve-miR-2023-3p;_nve-miR-2023-3p;_spi-miR-temp-4;eca-nve-F-miR-2023_Edwardsiella_carnea_Praher_et_al._2021_Transcriptome-level;mse-nve-F-miR-2023_Metridium_senile_Praher_et_al._2021_Transcriptome-level;sca-nve-miR-2023-3p_Scolanthus_callimorphus_Praher_et_al._2021_Transcriptome-level;ami-nve-F-miR-2023-3p_Acropora_millepora_Praher_et_al._2021_NA;epa-nve-F-miR-2023_Exaiptasia_pallida_Praher_et_al._2021_NA;spi-nve-F-miR-2023_Stylophora_pistillata_Praher_et_al._2021_NA;miR-2023_Nematostella_vectensis_Moran_et_al._2014_NA;avi-miR-temp-2023_Anemonia_viridis_Urbarova_et_al._2018_NA,pmea-mir-2023,apul-mir-2023; peve-mir-2023,NA
Pocillopora_meandrina_HIv1___Sc0000005:10385497-10385597,Cluster_1933,Pocillopora_meandrina_HIv1___Sc0000005,10385497,10385597,101,58190,312,0.9999828149, + ,UCAGGGAUUGUGGUGAGUUAGUU,21926,10279,126,1422,10174,32234,3955,23,Y,spi-mir-temp-3_Stylophora_pistillata_Liew_et_al._2014_NA,pmea-mir-novel-10,NA,NA
Pocillopora_meandrina_HIv1___Sc0000005:11260734-11260823,Cluster_1951,Pocillopora_meandrina_HIv1___Sc0000005,11260734,11260823,90,30978,390,1, + ,UCAGGUUAGGAGCAUGGUAUAGA,11353,11063,138,1180,4480,13443,674,N,Y,NA,pmea-mir-novel-11,NA,NA
Pocillopora_meandrina_HIv1___Sc0000005:11261356-11261449,Cluster_1952,Pocillopora_meandrina_HIv1___Sc0000005,11261356,11261449,94,11342,285,1, + ,UAUGCCAGGUCCUAACUUGAAA,3074,2515,37,1892,4102,2298,498,N,Y,NA,pmea-mir-novel-12,NA,NA
Pocillopora_meandrina_HIv1___Sc0000008:1783802-1783891,Cluster_2788,Pocillopora_meandrina_HIv1___Sc0000008,1783802,1783891,90,1052,81,1, + ,UAUGUUUUGGCUUGUUCCCA,330,915,11,105,14,5,2,N,Y,NA,pmea-mir-novel-20,peve-mir-novel-20,NA
Pocillopora_meandrina_HIv1___Sc0000008:3576420-3576514,Cluster_2831,Pocillopora_meandrina_HIv1___Sc0000008,3576420,3576514,95,301,45,1, + ,CGAUGGAACACACAAGUAGAGA,89,31,9,14,185,60,2,22,Y,NA,pmea-mir-novel-14,NA,NA
Pocillopora_meandrina_HIv1___Sc0000008:3619341-3619435,Cluster_2833,Pocillopora_meandrina_HIv1___Sc0000008,3619341,3619435,95,366,65,0.005464480874,-,UGUGCUUUGGUUCAAAAAUGUC,148,65,6,15,212,56,12,22,Y,NA,pmea-mir-novel-15,NA,NA
Pocillopora_meandrina_HIv1___Sc0000008:5387738-5387830,Cluster_2853,Pocillopora_meandrina_HIv1___Sc0000008,5387738,5387830,93,1515,131,0.00198019802,-,AACUUUUCUACAAUUCCAGUGGA,274,246,37,131,391,660,50,23,Y,NA,pmea-mir-novel-16,NA,NA
Pocillopora_meandrina_HIv1___Sc0000009:3894900-3894992,Cluster_2971,Pocillopora_meandrina_HIv1___Sc0000009,3894900,3894992,93,578,48,0.001730103806,-,UAGCAUAACAUUGUAAG,330,351,7,3,170,45,2,N,Y,Adi-Mir-2030_5p_Acropora_digitifera_Gajigan_&_Conaco_2017_nve-miR-2030-5p;_nve-miR-2030-5p;_spi-miR-temp-40;ami-nve-F-miR-2030-5p_Acropora_millepora_Praher_et_al._2021_NA;adi-nve-F-miR-2030_Acropora_digitifera__Praher_et_al._2021_NA;spi-mir-temp-40_Stylophora_pistillata_Liew_et_al._2014_Close_match_of_nve-miR-2030;eca-nve-F-miR-2030_Edwardsiella_carnea_Praher_et_al._2021_Transcriptome-level;miR-2030_Nematostella_vectensis_Moran_et_al._2014_NA,pmea-mir-2030,NA,NA
Pocillopora_meandrina_HIv1___Sc0000010:8012916-8013008,Cluster_3389,Pocillopora_meandrina_HIv1___Sc0000010,8012916,8013008,93,26677,314,0.9910409716, + ,UACUUCAAUGUUAUCGGUUUGU,7987,404,130,142,12956,11855,1190,22,Y,NA,pmea-mir-novel-17,NA,NA
Pocillopora_meandrina_HIv1___Sc0000012:6455183-6455276,Cluster_3663,Pocillopora_meandrina_HIv1___Sc0000012,6455183,6455276,94,2416,125,1, + ,UGAAAUACUCUGACGGAGUCAGC,1099,308,151,42,196,1432,287,23,Y,NA,pmea-mir-novel-18,NA,NA
Pocillopora_meandrina_HIv1___Sc0000014:2366038-2366132,Cluster_4049,Pocillopora_meandrina_HIv1___Sc0000014,2366038,2366132,95,1393,67,0,-,AUUUUUAGCCCGCGGAAGUUGC,641,54,1,97,930,301,10,22,Y,ami-nve-F-miR-2025-3p_Acropora_millepora_Praher_et_al._2021_NA;Adi-Mir-2025_3p_Acropora_digitifera_Gajigan_&_Conaco_2017_nve-miR-2025-3p;_nve-miR-2025-3p;adi-nve-F-miR-2025_Acropora_digitifera__Praher_et_al._2021_NA,pmea-mir-2025,apul-mir-2025; peve-mir-2025,NA
Pocillopora_meandrina_HIv1___Sc0000014:2594743-2594833,Cluster_4050,Pocillopora_meandrina_HIv1___Sc0000014,2594743,2594833,91,329,44,0.9969604863, + ,CGUGGUGCGUUAUUGUUUCGGU,54,60,0,17,167,49,36,22,Y,NA,pmea-mir-novel-19,NA,NA
Pocillopora_meandrina_HIv1___Sc0000014:9365459-9365552,Cluster_4130,Pocillopora_meandrina_HIv1___Sc0000014,9365459,9365552,94,11095,130,0,-,UUCCAGAUUUGUAUCAUUGUUAU,7555,84,19,144,240,10206,402,23,Y,NA,pmea-mir-novel-13,NA,NA
Pocillopora_meandrina_HIv1___Sc0000016:7549557-7549654,Cluster_4455,Pocillopora_meandrina_HIv1___Sc0000016,7549557,7549654,98,19451,319,0.9999485888, + ,UCAGUUCCACCAGCUCACCAAU,5620,2037,16,1007,9107,7250,34,22,Y,NA,pmea-mir-novel-21,NA,NA
Pocillopora_meandrina_HIv1___Sc0000016:7550593-7550685,Cluster_4457,Pocillopora_meandrina_HIv1___Sc0000016,7550593,7550685,93,88573,511,1, + ,UCAGUCCCACCAUCUCACCAAU,40422,12705,185,7581,60327,7492,283,22,Y,NA,pmea-mir-novel-22,NA,NA
Pocillopora_meandrina_HIv1___Sc0000016:7553282-7553379,Cluster_4458,Pocillopora_meandrina_HIv1___Sc0000016,7553282,7553379,98,5093,224,0.9998036521, + ,AGGUGAGCUGUGGGAACUCUUA,2477,385,37,797,3212,568,94,22,Y,NA,pmea-mir-novel-23,NA,NA
Pocillopora_meandrina_HIv1___Sc0000016:7555639-7555733,Cluster_4459,Pocillopora_meandrina_HIv1___Sc0000016,7555639,7555733,95,15879,277,1, + ,UCAGUCCCACCAGCUCACCAAU,3822,3431,42,3677,5612,3055,62,N,Y,NA,pmea-mir-novel-24,NA,NA
Pocillopora_meandrina_HIv1___Sc0000017:5050908-5051000,Cluster_4586,Pocillopora_meandrina_HIv1___Sc0000017,5050908,5051000,93,132750,610,0,-,AACUGCUGAGAUUCUAUGGAUUU,47680,4764,285,1096,22198,101160,3247,23,Y,NA,pmea-mir-novel-25,NA,NA
Pocillopora_meandrina_HIv1___Sc0000018:4564884-4564976,Cluster_4768,Pocillopora_meandrina_HIv1___Sc0000018,4564884,4564976,93,530,60,1, + ,UAACCUUAUUUGUCUUCACAUGU,143,35,0,42,119,278,56,23,Y,NA,pmea-mir-novel-26,NA,NA
Pocillopora_meandrina_HIv1___Sc0000018:6855499-6855592,Cluster_4838,Pocillopora_meandrina_HIv1___Sc0000018,6855499,6855592,94,6913,289,1, + ,GGAUUAAAAUUUGUUGGGUGUGC,1244,738,316,522,428,3428,1481,23,Y,NA,pmea-mir-novel-27,NA,NA
Pocillopora_meandrina_HIv1___Sc0000021:4351817-4351909,Cluster_5273,Pocillopora_meandrina_HIv1___Sc0000021,4351817,4351909,93,163,39,1, + ,ACUGAUAUUCACCAAGUG,34,72,4,45,26,13,3,N,Y,spi-mir-temp-34_Stylophora_pistillata_Liew_et_al._2014_NA,pmea-mir-novel-28,NA,NA
Pocillopora_meandrina_HIv1___Sc0000024:4808666-4808760,Cluster_5633,Pocillopora_meandrina_HIv1___Sc0000024,4808666,4808760,95,3154,144,1, + ,AGAACCCAAGAAUCUCGA,894,2822,1,301,26,3,1,N,Y,NA,pmea-mir-novel-29,NA,NA
Pocillopora_meandrina_HIv1___Sc0000026:1154719-1154813,Cluster_5761,Pocillopora_meandrina_HIv1___Sc0000026,1154719,1154813,95,23971,150,0,-,UAAGAUCAAGUUCAUGGUAUUCU,14088,61,53,21,570,22819,447,23,Y,NA,pmea-mir-novel-30,NA,NA
Pocillopora_meandrina_HIv1___Sc0000035:1989820-1989912,Cluster_6425,Pocillopora_meandrina_HIv1___Sc0000035,1989820,1989912,93,4597,200,1, + ,UAUUUACAACUCUCAAAACAAC,1730,611,48,386,2012,1503,37,22,Y,NA,pmea-mir-novel-31,NA,NA