"","m_chrom","m_source","m_type","m_start","m_end","m_strand","m_attr","gf_chrom","gf_source","gf_type","gf_start","gf_end","gf_strand","gf_attr","overlap","m_ID","Locus","Chrom","Start","End","Length","Reads","DistinctSequences","FracTop","Strand","MajorRNA","MajorRNAReads","Short","Long","X21","X22","X23","X24","DicerCall","MIRNA","known_miRNAs","given_miRNA_name","SharedSequence","Notes","blast_hit","evalue","ProteinNames","BiologicalProcess","GeneOntologyIDs"
"1","Pocillopora_meandrina_HIv1___Sc0000000","ShortStack","mature_miRNA",818049,818070,"+","ID=Cluster_19.mature;Parent=Cluster_19","Pocillopora_meandrina_HIv1___Sc0000000","AUGUSTUS","transcript",816355,820160,"+","Pocillopora_meandrina_HIv1___RNAseq.g21001.t1",21,"Cluster_19","Pocillopora_meandrina_HIv1___Sc0000000:818027-818120","Pocillopora_meandrina_HIv1___Sc0000000",818027,818120,94,12096,283,0.9990906085," + ","UGUUCUCUCUGCAGUAAGCAUGU",3258,393,78,202,3329,5487,2607,"23","Y",NA,"ptuh-mir-novel-31",NA,NA,"Q6NTT6",1.55e-68,"Mitochondrial ubiquitin ligase activator of nfkb 1 (EC 2.3.2.27) (E3 ubiquitin-protein ligase mul1) (RING-type E3 ubiquitin transferase nfkb 1)","activation of cysteine-type endopeptidase activity involved in apoptotic process [GO:0006919]; mitochondrial fission [GO:0000266]; mitochondrion localization [GO:0051646]; negative regulation of cell growth [GO:0030308]; positive regulation of canonical NF-kappaB signal transduction [GO:0043123]; protein ubiquitination [GO:0016567]","GO:0000266; GO:0005741; GO:0005777; GO:0006919; GO:0016567; GO:0030308; GO:0042802; GO:0043123; GO:0046872; GO:0051646; GO:0061630"
"2","Pocillopora_meandrina_HIv1___Sc0000000","ShortStack","mature_miRNA",2872041,2872061,"+","ID=Cluster_34.mature;Parent=Cluster_34","Pocillopora_meandrina_HIv1___Sc0000000","AUGUSTUS","transcript",2868586,2871318,"+","Pocillopora_meandrina_HIv1___TS.g25957.t1",-723,"Cluster_34","Pocillopora_meandrina_HIv1___Sc0000000:2872019-2872110","Pocillopora_meandrina_HIv1___Sc0000000",2872019,2872110,92,177,29,1," + ","AUAGUAUUGUCGACAGGUACU",63,16,0,116,42,3,0,"21","Y",NA,"ptuh-mir-novel-27",NA,NA,"Q8NFD2",2.3e-16,"Ankyrin repeat and protein kinase domain-containing protein 1 (EC 2.7.11.1) (Protein kinase PKK2) (Sugen kinase 288) (SgK288) (X-kinase)","regulation of cell cycle process [GO:0010564]","GO:0004674; GO:0005524; GO:0005634; GO:0005737; GO:0010564; GO:0042995; GO:0106310"
"3","Pocillopora_meandrina_HIv1___Sc0000000","ShortStack","mature_miRNA",20372469,20372490,"-","ID=Cluster_356.mature;Parent=Cluster_356","Pocillopora_meandrina_HIv1___Sc0000000","AUGUSTUS","transcript",20369597,20376434,"-","Pocillopora_meandrina_HIv1___TS.g27446.t1",21,"Cluster_356","Pocillopora_meandrina_HIv1___Sc0000000:20372416-20372510","Pocillopora_meandrina_HIv1___Sc0000000",20372416,20372510,95,522228,378,0,"-","UCAAGUCUAGGCUGGUUAGUUU",361684,1294,19,20216,498308,2255,136,"22","Y","spi-mir-temp-15_Stylophora_pistillata_Liew_et_al._2014_NA;spi-miR-L-temp-15_Stylophora_pistillata_Praher_et_al._2021_NA","ptuh-mir-novel-32","",NA,"Q96AQ1",4.53e-07,"Coiled-coil domain-containing protein 74A","",""
"4","Pocillopora_meandrina_HIv1___Sc0000001","ShortStack","mature_miRNA",19145788,19145809,"+","ID=Cluster_751.mature;Parent=Cluster_751","Pocillopora_meandrina_HIv1___Sc0000001","AUGUSTUS","transcript",19141889,19164981,"+","Pocillopora_meandrina_HIv1___RNAseq.g20307.t1b",21,"Cluster_751","Pocillopora_meandrina_HIv1___Sc0000001:19145766-19145858","Pocillopora_meandrina_HIv1___Sc0000001",19145766,19145858,93,6322,255,1," + ","CGCUCUUAAAAUCUCCUAGCUAU",1605,1316,82,585,1212,2501,626,"N","Y",NA,"ptuh-mir-novel-1",NA,NA,"Q6ZWJ1",7.29e-76,"Syntaxin-binding protein 4 (Syntaxin 4-interacting protein) (STX4-interacting protein) (Synip)","cellular response to type II interferon [GO:0071346]; DNA damage response [GO:0006974]; insulin receptor signaling pathway [GO:0008286]; positive regulation of cell cycle G1/S phase transition [GO:1902808]; positive regulation of keratinocyte proliferation [GO:0010838]; protein stabilization [GO:0050821]; protein targeting [GO:0006605]; regulation of glucose transmembrane transport [GO:0010827]; regulation of insulin secretion involved in cellular response to glucose stimulus [GO:0061178]; regulation of postsynaptic membrane neurotransmitter receptor levels [GO:0099072]","GO:0006605; GO:0006974; GO:0008286; GO:0010827; GO:0010838; GO:0019905; GO:0031410; GO:0045335; GO:0050821; GO:0061178; GO:0070062; GO:0071346; GO:0098685; GO:0099072; GO:1902808"
"5","Pocillopora_meandrina_HIv1___Sc0000002","ShortStack","mature_miRNA",3841966,3841987,"-","ID=Cluster_912.mature;Parent=Cluster_912","Pocillopora_meandrina_HIv1___Sc0000002","AUGUSTUS","transcript",3836969,3885213,"-","Pocillopora_meandrina_HIv1___RNAseq.g6748.t1",21,"Cluster_912","Pocillopora_meandrina_HIv1___Sc0000002:3841944-3842042","Pocillopora_meandrina_HIv1___Sc0000002",3841944,3842042,99,106356,263,0,"-","UUGUGUAACUCCCUAAGGAAGG",66971,4181,3,2786,98832,535,19,"22","Y",NA,"ptuh-mir-novel-24",NA,NA,"A0MSJ1",2.2e-142,"Collagen alpha-1(XXVII) chain B","bone mineralization [GO:0030282]; extracellular matrix organization [GO:0030198]; notochord morphogenesis [GO:0048570]; skeletal system development [GO:0001501]","GO:0001501; GO:0005581; GO:0005615; GO:0030020; GO:0030198; GO:0030282; GO:0046872; GO:0048570; GO:0062023"
"6","Pocillopora_meandrina_HIv1___Sc0000002","ShortStack","mature_miRNA",10845744,10845765,"-","ID=Cluster_1002.mature;Parent=Cluster_1002","Pocillopora_meandrina_HIv1___Sc0000002","AUGUSTUS","transcript",10843913,10850073,"-","Pocillopora_meandrina_HIv1___RNAseq.g7273.t1",21,"Cluster_1002","Pocillopora_meandrina_HIv1___Sc0000002:10845722-10845816","Pocillopora_meandrina_HIv1___Sc0000002",10845722,10845816,95,12003,340,0.008997750562,"-","UUGCCGUUAACCCAAAACCUUCA",4844,286,129,442,5105,5860,181,"23","Y",NA,"ptuh-mir-novel-5",NA,NA,"Q29RM1",1.53e-105,"Mitochondrial thiamine pyrophosphate carrier (Solute carrier family 25 member 19)","thiamine pyrophosphate transmembrane transport [GO:0030974]","GO:0005739; GO:0005743; GO:0015234; GO:0015297; GO:0030974; GO:0090422"
"7","Pocillopora_meandrina_HIv1___Sc0000002","ShortStack","mature_miRNA",15749310,15749331,"+","ID=Cluster_1056.mature;Parent=Cluster_1056","Pocillopora_meandrina_HIv1___Sc0000002","AUGUSTUS","transcript",15745571,15749355,"-","Pocillopora_meandrina_HIv1___RNAseq.g7731.t1",21,"Cluster_1056","Pocillopora_meandrina_HIv1___Sc0000002:15749261-15749351","Pocillopora_meandrina_HIv1___Sc0000002",15749261,15749351,91,267,31,1," + ","ACGCUAGGAAGGGAUGCCGGGA",162,9,4,32,201,19,2,"22","Y",NA,"ptuh-mir-novel-7","apul-mir-novel-7",NA,NA,NA,NA,NA,NA
"8","Pocillopora_meandrina_HIv1___Sc0000002","ShortStack","mature_miRNA",16106609,16106630,"+","ID=Cluster_1069.mature;Parent=Cluster_1069","Pocillopora_meandrina_HIv1___Sc0000002","AUGUSTUS","transcript",16107095,16109313,"+","Pocillopora_meandrina_HIv1___RNAseq.g7761.t1",-465,"Cluster_1069","Pocillopora_meandrina_HIv1___Sc0000002:16106559-16106650","Pocillopora_meandrina_HIv1___Sc0000002",16106559,16106650,92,2969,94,1," + ","UGUUAUUUUUAUCGUCCAUUAGU",1172,1055,9,61,209,1607,28,"N","Y",NA,"ptuh-mir-novel-2",NA,NA,"Q7TN31",7.76e-18,"Angiogenic factor with G patch and FHA domains 1 (Angiogenic factor VG5Q) (mVG5Q)","angiogenesis [GO:0001525]; cell adhesion [GO:0007155]; cell differentiation [GO:0030154]; positive regulation of angiogenesis [GO:0045766]; positive regulation of endothelial cell proliferation [GO:0001938]","GO:0001525; GO:0001938; GO:0003676; GO:0005576; GO:0005737; GO:0007155; GO:0030154; GO:0045766; GO:0048471"
"9","Pocillopora_meandrina_HIv1___Sc0000003","ShortStack","mature_miRNA",495117,495138,"+","ID=Cluster_1108.mature;Parent=Cluster_1108","Pocillopora_meandrina_HIv1___Sc0000003","AUGUSTUS","transcript",497120,514074,"-","Pocillopora_meandrina_HIv1___RNAseq.g15123.t1",-1982,"Cluster_1108","Pocillopora_meandrina_HIv1___Sc0000003:495066-495158","Pocillopora_meandrina_HIv1___Sc0000003",495066,495158,93,990,64,1," + ","UAUAUUGUACGACUCUCAUCGU",438,71,6,12,681,173,47,"22","Y","Adi-Mir-2036_3p_Acropora_digitifera_Gajigan_&_Conaco_2017_nve-miR-2036-3p;_nve-miR-2036-3p;_spi-miR-temp-30;eca-nve-F-miR-2036_Edwardsiella_carnea_Praher_et_al._2021_Transcriptome-level;spi-mir-temp-30_Stylophora_pistillata_Liew_et_al._2014_Close_match_of_nve-miR-2036.;ami-nve-F-miR-2036-3p_Acropora_millepora_Praher_et_al._2021_NA;spi-nve-F-miR-2036_Stylophora_pistillata_Praher_et_al._2021_NA","ptuh-mir-2036","apul-mir-2036; peve-mir-2036",NA,"Q5PYH7",0,"Disks large homolog 2 (Postsynaptic density protein 93) (PSD-93)","cell-cell adhesion [GO:0098609]; chemical synaptic transmission [GO:0007268]; establishment or maintenance of epithelial cell apical/basal polarity [GO:0045197]; receptor clustering [GO:0043113]; receptor localization to synapse [GO:0097120]; regulation of postsynaptic membrane neurotransmitter receptor levels [GO:0099072]; synapse organization [GO:0050808]","GO:0007268; GO:0016323; GO:0019901; GO:0030424; GO:0031594; GO:0035255; GO:0043005; GO:0043113; GO:0043204; GO:0045197; GO:0050808; GO:0097120; GO:0098609; GO:0098839; GO:0099072"
"10","Pocillopora_meandrina_HIv1___Sc0000003","ShortStack","mature_miRNA",10129534,10129556,"-","ID=Cluster_1274.mature;Parent=Cluster_1274","Pocillopora_meandrina_HIv1___Sc0000003","AUGUSTUS","transcript",10125333,10129064,"+","Pocillopora_meandrina_HIv1___RNAseq.g15964.t1",-470,"Cluster_1274","Pocillopora_meandrina_HIv1___Sc0000003:10129512-10129606","Pocillopora_meandrina_HIv1___Sc0000003",10129512,10129606,95,11292,233,0.0001771165427,"-","CGAUGUACUUCAGAGCAAUUUUU",2869,397,119,3756,240,5015,1765,"23","Y","spi-mir-temp-23_Stylophora_pistillata_Liew_et_al._2014_NA","ptuh-mir-novel-8",NA,NA,"Q01484",2.96e-36,"Ankyrin-2 (ANK-2) (Ankyrin-B) (Brain ankyrin) (Non-erythroid ankyrin)","atrial cardiac muscle cell action potential [GO:0086014]; atrial cardiac muscle cell to AV node cell communication [GO:0086066]; atrial septum development [GO:0003283]; endocytosis [GO:0006897]; intracellular calcium ion homeostasis [GO:0006874]; membrane depolarization during SA node cell action potential [GO:0086046]; paranodal junction assembly [GO:0030913]; positive regulation of calcium ion transmembrane transporter activity [GO:1901021]; positive regulation of calcium ion transport [GO:0051928]; positive regulation of cation channel activity [GO:2001259]; positive regulation of gene expression [GO:0010628]; positive regulation of potassium ion transmembrane transporter activity [GO:1901018]; positive regulation of potassium ion transport [GO:0043268]; protein localization [GO:0008104]; protein localization to cell surface [GO:0034394]; protein localization to endoplasmic reticulum [GO:0070972]; protein localization to M-band [GO:0036309]; protein localization to organelle [GO:0033365]; protein localization to plasma membrane [GO:0072659]; protein localization to T-tubule [GO:0036371]; protein stabilization [GO:0050821]; protein transport [GO:0015031]; regulation of atrial cardiac muscle cell action potential [GO:0098910]; regulation of calcium ion transmembrane transporter activity [GO:1901019]; regulation of calcium ion transport [GO:0051924]; regulation of cardiac muscle cell contraction [GO:0086004]; regulation of cardiac muscle contraction [GO:0055117]; regulation of cardiac muscle contraction by calcium ion signaling [GO:0010882]; regulation of cardiac muscle contraction by regulation of the release of sequestered calcium ion [GO:0010881]; regulation of heart rate [GO:0002027]; regulation of heart rate by cardiac conduction [GO:0086091]; regulation of protein stability [GO:0031647]; regulation of release of sequestered calcium ion into cytosol [GO:0051279]; regulation of SA node cell action potential [GO:0098907]; regulation of ventricular cardiac muscle cell membrane repolarization [GO:0060307]; response to methylmercury [GO:0051597]; SA node cell action potential [GO:0086015]; SA node cell to atrial cardiac muscle cell communication [GO:0086070]; sarcoplasmic reticulum calcium ion transport [GO:0070296]; T-tubule organization [GO:0033292]; ventricular cardiac muscle cell action potential [GO:0086005]","GO:0002027; GO:0003283; GO:0005200; GO:0005739; GO:0005764; GO:0005769; GO:0005829; GO:0005856; GO:0005886; GO:0006874; GO:0006897; GO:0008093; GO:0008104; GO:0010628; GO:0010881; GO:0010882; GO:0014704; GO:0015031; GO:0016323; GO:0016324; GO:0019899; GO:0019901; GO:0030018; GO:0030315; GO:0030507; GO:0030674; GO:0030913; GO:0031430; GO:0031647; GO:0031672; GO:0033292; GO:0033365; GO:0034394; GO:0036309; GO:0036371; GO:0042383; GO:0043005; GO:0043034; GO:0043268; GO:0044325; GO:0045211; GO:0050821; GO:0051117; GO:0051279; GO:0051597; GO:0051924; GO:0051928; GO:0055037; GO:0055117; GO:0060307; GO:0070296; GO:0070972; GO:0072659; GO:0086004; GO:0086005; GO:0086014; GO:0086015; GO:0086046; GO:0086066; GO:0086070; GO:0086091; GO:0098907; GO:0098910; GO:0140031; GO:1901018; GO:1901019; GO:1901021; GO:2001259"
"11","Pocillopora_meandrina_HIv1___Sc0000003","ShortStack","mature_miRNA",10366055,10366076,"+","ID=Cluster_1279.mature;Parent=Cluster_1279","Pocillopora_meandrina_HIv1___Sc0000003","AUGUSTUS","transcript",10337192,10362741,"+","Pocillopora_meandrina_HIv1___TS.g10998.t1",-3314,"Cluster_1279","Pocillopora_meandrina_HIv1___Sc0000003:10366033-10366130","Pocillopora_meandrina_HIv1___Sc0000003",10366033,10366130,98,858857,595,0.9999708915," + ","ACCCGUAGAUCCGAACUUGU",302900,453621,35,21036,380606,3365,194,"N","Y","hsa-miR-100-5p;mmu-miR-100-5p;rno-miR-100-5p;gga-miR-100-5p;aga-miR-100;dre-miR-100-5p;ggo-miR-100;age-miR-100;ppa-miR-100;ppy-miR-100;ptr-miR-100;mml-miR-100-5p;sla-miR-100;lla-miR-100;fru-miR-100;tni-miR-100;xtr-miR-100;mdo-miR-100-5p;ame-miR-100-5p;oan-miR-100-5p;tca-miR-100-5p;bta-miR-100;lgi-miR-100;sko-miR-100;bmo-miR-100;eca-miR-100;ssc-miR-100;bma-miR-100b;aae-miR-100;cqu-miR-100-5p;tgu-miR-100-5p;nvi-miR-100;pma-miR-100a-5p;aca-miR-100;ola-miR-100;sha-miR-100;cgr-miR-100-5p;mse-miR-100;ccr-miR-100;ipu-miR-100;pmi-miR-100-5p;bbe-miR-100-5p;ssa-miR-100a-5p;cpi-miR-100-5p;ami-miR-100-5p;cli-miR-100-5p;pbv-miR-100-5p;chi-miR-100-5p;tch-miR-100-5p;pal-miR-100-5p;tcf-miR-100;abu-miR-100;mze-miR-100;nbr-miR-100;oni-miR-100;pny-miR-100;gmo-miR-100a-5p;pte-miR-100b-5p;xla-miR-100-5p;cpo-miR-100-5p;dno-miR-100-5p;ocu-miR-100-5p;mmr-miR-100;dma-miR-100;cja-miR-100;sbo-miR-100;pha-miR-100;nle-miR-100;oga-miR-100;dqu-miR-100-5p;pca-miR-100-5p;eca-nve-F-miR-100_Edwardsiella_carnea_Praher_et_al._2021_Transcriptome-level;mse-nve-F-miR-100_Metridium_senile_Praher_et_al._2021_Transcriptome-level;sca-nve-F-miR-100_Scolanthus_callimorphus_Praher_et_al._2021_Transcriptome-level;epa-nve-F-miR-100_Exaiptasia_pallida_Praher_et_al._2021_NA;spi-mir-temp-1_Stylophora_pistillata_Liew_et_al._2014_Matches_miR-100_family.;spi-nve-F-miR-100_Stylophora_pistillata_Praher_et_al._2021_NA;apa-mir-100_Exaiptasia_pallida_Baumgarten_et_al._2017_miR-100;_Nve;_Spis;_Adi;avi-miR-temp-100_Anemonia_viridis_Urbarova_et_al._2018_NA;miR-100_Nematostella_vectensis_Moran_et_al._2014_NA","ptuh-mir-100","apul-mir-100; peve-mir-100",NA,"P57080",0,"Ubiquitin carboxyl-terminal hydrolase 25 (EC 3.4.19.12) (Deubiquitinating enzyme 25) (Ubiquitin thioesterase 25) (Ubiquitin-specific-processing protease 25) (mUSP25)","immune response [GO:0006955]; interleukin-17-mediated signaling pathway [GO:0097400]; mRNA metabolic process [GO:0016071]; regulation of protein stability [GO:0031647]; response to oxidative stress [GO:0006979]; stress-activated protein kinase signaling cascade [GO:0031098]; ubiquitin-dependent protein catabolic process [GO:0006511]","GO:0000502; GO:0004843; GO:0005634; GO:0005829; GO:0006511; GO:0006955; GO:0006979; GO:0016071; GO:0031098; GO:0031647; GO:0032183; GO:0097400"
"12","Pocillopora_meandrina_HIv1___Sc0000005","ShortStack","mature_miRNA",601626,601646,"+","ID=Cluster_1783.mature;Parent=Cluster_1783","Pocillopora_meandrina_HIv1___Sc0000005","AUGUSTUS","transcript",603300,603623,"+","Pocillopora_meandrina_HIv1___TS.g15795.t1",-1654,"Cluster_1783","Pocillopora_meandrina_HIv1___Sc0000005:601572-601666","Pocillopora_meandrina_HIv1___Sc0000005",601572,601666,95,129435,404,1," + ","AAAGAAGUACAAGUGGUAGGG",43823,39978,4,68302,20911,235,5,"N","Y","nve-miR-2023-3p;Adi-Mir-2023_3p_Acropora_digitifera_Gajigan_&_Conaco_2017_nve-miR-2023-3p;_nve-miR-2023-3p;_spi-miR-temp-4;eca-nve-F-miR-2023_Edwardsiella_carnea_Praher_et_al._2021_Transcriptome-level;mse-nve-F-miR-2023_Metridium_senile_Praher_et_al._2021_Transcriptome-level;sca-nve-miR-2023-3p_Scolanthus_callimorphus_Praher_et_al._2021_Transcriptome-level;epa-nve-F-miR-2023_Exaiptasia_pallida_Praher_et_al._2021_NA;spi-mir-temp-4_Stylophora_pistillata_Liew_et_al._2014_Exact_match_of_nve-miR-2023.;ami-nve-F-miR-2023-3p_Acropora_millepora_Praher_et_al._2021_NA;spi-nve-F-miR-2023_Stylophora_pistillata_Praher_et_al._2021_NA;miR-2023_Nematostella_vectensis_Moran_et_al._2014_NA;apa-mir-2023_Exaiptasia_pallida_Baumgarten_et_al._2017_miR-2023;_Nve;_Spis;_Adi;avi-miR-temp-2023_Anemonia_viridis_Urbarova_et_al._2018_NA","ptuh-mir-2023","apul-mir-2023; peve-mir-2023",NA,NA,NA,NA,NA,NA
"13","Pocillopora_meandrina_HIv1___Sc0000005","ShortStack","mature_miRNA",10385519,10385541,"+","ID=Cluster_1922.mature;Parent=Cluster_1922","Pocillopora_meandrina_HIv1___Sc0000005","AUGUSTUS","transcript",10381741,10385841,"+","Pocillopora_meandrina_HIv1___RNAseq.g23713.t1",22,"Cluster_1922","Pocillopora_meandrina_HIv1___Sc0000005:10385497-10385597","Pocillopora_meandrina_HIv1___Sc0000005",10385497,10385597,101,58190,312,0.9999828149," + ","UCAGGGAUUGUGGUGAGUUAGUU",21926,10279,126,1422,10174,32234,3955,"23","Y","spi-mir-temp-3_Stylophora_pistillata_Liew_et_al._2014_NA","ptuh-mir-novel-6",NA,NA,"Q7T3C7",1.48e-107,"Reticulon-4-interacting protein 1 homolog, mitochondrial","eye photoreceptor cell development [GO:0042462]; regulation of dendrite development [GO:0050773]; retina layer formation [GO:0010842]","GO:0005739; GO:0005741; GO:0010842; GO:0016491; GO:0042462; GO:0050773"
"14","Pocillopora_meandrina_HIv1___Sc0000005","ShortStack","mature_miRNA",11260782,11260803,"+","ID=Cluster_1940.mature;Parent=Cluster_1940","Pocillopora_meandrina_HIv1___Sc0000005","AUGUSTUS","transcript",11258007,11263650,"+","Pocillopora_meandrina_HIv1___TS.g16681.t2",21,"Cluster_1940","Pocillopora_meandrina_HIv1___Sc0000005:11260734-11260823","Pocillopora_meandrina_HIv1___Sc0000005",11260734,11260823,90,30957,390,1," + ","UCAGGUUAGGAGCAUGGUAUAGA",11353,11059,138,1180,4463,13443,674,"N","Y",NA,"ptuh-mir-novel-4",NA,NA,"Q499V6",4.72e-54,"Zinc finger CCHC-type and RNA-binding motif-containing protein 1 (U11/U12 small nuclear ribonucleoprotein 31 kDa protein) (U11/U12 snRNP 31 kDa protein)","mRNA splicing, via spliceosome [GO:0000398]","GO:0000398; GO:0003723; GO:0005654; GO:0005689; GO:0008270"
"15","Pocillopora_meandrina_HIv1___Sc0000005","ShortStack","mature_miRNA",11261378,11261399,"+","ID=Cluster_1941.mature;Parent=Cluster_1941","Pocillopora_meandrina_HIv1___Sc0000005","AUGUSTUS","transcript",11258007,11263650,"+","Pocillopora_meandrina_HIv1___TS.g16681.t2",21,"Cluster_1941","Pocillopora_meandrina_HIv1___Sc0000005:11261356-11261449","Pocillopora_meandrina_HIv1___Sc0000005",11261356,11261449,94,11362,284,1," + ","UAUGCCAGGUCCUAACUUGAAA",3074,2519,37,1892,4118,2298,498,"N","Y",NA,"ptuh-mir-novel-3",NA,NA,"Q499V6",4.72e-54,"Zinc finger CCHC-type and RNA-binding motif-containing protein 1 (U11/U12 small nuclear ribonucleoprotein 31 kDa protein) (U11/U12 snRNP 31 kDa protein)","mRNA splicing, via spliceosome [GO:0000398]","GO:0000398; GO:0003723; GO:0005654; GO:0005689; GO:0008270"
"16","Pocillopora_meandrina_HIv1___Sc0000008","ShortStack","mature_miRNA",1783824,1783844,"+","ID=Cluster_2786.mature;Parent=Cluster_2786","Pocillopora_meandrina_HIv1___Sc0000008","AUGUSTUS","transcript",1780854,1784727,"+","Pocillopora_meandrina_HIv1___RNAseq.g1769.t1",20,"Cluster_2786","Pocillopora_meandrina_HIv1___Sc0000008:1783802-1783891","Pocillopora_meandrina_HIv1___Sc0000008",1783802,1783891,90,1051,80,1," + ","UAUGUUUUGGCUUGUUCCCA",330,914,11,105,14,5,2,"N","Y",NA,"ptuh-mir-novel-20","peve-mir-novel-20",NA,NA,NA,NA,NA,NA
"17","Pocillopora_meandrina_HIv1___Sc0000008","ShortStack","mature_miRNA",3576442,3576463,"+","ID=Cluster_2830.mature;Parent=Cluster_2830","Pocillopora_meandrina_HIv1___Sc0000008","AUGUSTUS","transcript",3565329,3586108,"+","Pocillopora_meandrina_HIv1___TS.g4480.t1",21,"Cluster_2830","Pocillopora_meandrina_HIv1___Sc0000008:3576420-3576514","Pocillopora_meandrina_HIv1___Sc0000008",3576420,3576514,95,301,45,1," + ","CGAUGGAACACACAAGUAGAGA",89,31,9,14,185,60,2,"22","Y",NA,"ptuh-mir-novel-26",NA,NA,"Q9EPK7",0,"Exportin-7 (Exp7) (Ran-binding protein 16)","nucleocytoplasmic transport [GO:0006913]; protein export from nucleus [GO:0006611]","GO:0005049; GO:0005643; GO:0005737; GO:0006611; GO:0006913; GO:0031267"
"18","Pocillopora_meandrina_HIv1___Sc0000008","ShortStack","mature_miRNA",3619363,3619384,"-","ID=Cluster_2832.mature;Parent=Cluster_2832","Pocillopora_meandrina_HIv1___Sc0000008","AUGUSTUS","transcript",3614528,3621648,"-","Pocillopora_meandrina_HIv1___RNAseq.g1976.t1",21,"Cluster_2832","Pocillopora_meandrina_HIv1___Sc0000008:3619341-3619435","Pocillopora_meandrina_HIv1___Sc0000008",3619341,3619435,95,366,65,0.005464480874,"-","UGUGCUUUGGUUCAAAAAUGUC",148,65,6,15,212,56,12,"22","Y",NA,"ptuh-mir-novel-25",NA,NA,"Q8CAQ8",5.64e-70,"MICOS complex subunit Mic60 (Mitochondrial inner membrane protein) (Mitofilin)","cristae formation [GO:0042407]; mitochondrial calcium ion homeostasis [GO:0051560]; neuron cellular homeostasis [GO:0070050]","GO:0005739; GO:0005743; GO:0005758; GO:0042407; GO:0043209; GO:0051560; GO:0061617; GO:0070050"
"19","Pocillopora_meandrina_HIv1___Sc0000008","ShortStack","mature_miRNA",5387760,5387781,"-","ID=Cluster_2852.mature;Parent=Cluster_2852","Pocillopora_meandrina_HIv1___Sc0000008","AUGUSTUS","transcript",5391441,5397563,"-","Pocillopora_meandrina_HIv1___RNAseq.g2129.t1",-3660,"Cluster_2852","Pocillopora_meandrina_HIv1___Sc0000008:5387738-5387830","Pocillopora_meandrina_HIv1___Sc0000008",5387738,5387830,93,1517,131,0.001977587343,"-","AACUUUUCUACAAUUCCAGUGGA",274,246,37,133,391,660,50,"23","Y",NA,"ptuh-mir-novel-18",NA,NA,"O88450",4.11e-60,"Deformed epidermal autoregulatory factor 1 homolog (Nuclear DEAF-1-related transcriptional regulator) (NUDR) (Suppressin)","behavioral fear response [GO:0001662]; embryonic skeletal system development [GO:0048706]; negative regulation of DNA-templated transcription [GO:0045892]; negative regulation of transcription by RNA polymerase II [GO:0000122]; neural tube closure [GO:0001843]; positive regulation of DNA-templated transcription [GO:0045893]; positive regulation of transcription by RNA polymerase II [GO:0045944]; regulation of mammary gland epithelial cell proliferation [GO:0033599]; regulation of transcription by RNA polymerase II [GO:0006357]; visual learning [GO:0008542]","GO:0000122; GO:0000977; GO:0000981; GO:0001227; GO:0001662; GO:0001843; GO:0005576; GO:0005634; GO:0005737; GO:0006357; GO:0008542; GO:0033599; GO:0045892; GO:0045893; GO:0045944; GO:0046872; GO:0048706; GO:0090575"
"20","Pocillopora_meandrina_HIv1___Sc0000009","ShortStack","mature_miRNA",3894922,3894943,"-","ID=Cluster_2970.mature;Parent=Cluster_2970","Pocillopora_meandrina_HIv1___Sc0000009","AUGUSTUS","transcript",3883379,3930270,"-","Pocillopora_meandrina_HIv1___RNAseq.g14376.t1",21,"Cluster_2970","Pocillopora_meandrina_HIv1___Sc0000009:3894900-3894992","Pocillopora_meandrina_HIv1___Sc0000009",3894900,3894992,93,578,48,0.001730103806,"-","UAGCAUAACAUUGUAAG",330,351,7,3,170,45,2,"N","Y","Adi-Mir-2030_5p_Acropora_digitifera_Gajigan_&_Conaco_2017_nve-miR-2030-5p;_nve-miR-2030-5p;_spi-miR-temp-40;adi-nve-F-miR-2030_Acropora_digitifera__Praher_et_al._2021_NA;ami-nve-F-miR-2030-5p_Acropora_millepora_Praher_et_al._2021_NA;eca-nve-F-miR-2030_Edwardsiella_carnea_Praher_et_al._2021_Transcriptome-level;spi-mir-temp-40_Stylophora_pistillata_Liew_et_al._2014_Close_match_of_nve-miR-2030;miR-2030_Nematostella_vectensis_Moran_et_al._2014_NA","ptuh-mir-2030",NA,NA,"O00339",9.82e-53,"Matrilin-2","axon guidance [GO:0007411]; dendrite regeneration [GO:0031104]; extracellular matrix organization [GO:0030198]; glial cell migration [GO:0008347]; neuron migration [GO:0001764]; response to axon injury [GO:0048678]","GO:0001764; GO:0005201; GO:0005509; GO:0005576; GO:0005604; GO:0007411; GO:0008347; GO:0030198; GO:0031012; GO:0031104; GO:0048678; GO:0062023; GO:0120216"
"21","Pocillopora_meandrina_HIv1___Sc0000010","ShortStack","mature_miRNA",8012938,8012959,"+","ID=Cluster_3397.mature;Parent=Cluster_3397","Pocillopora_meandrina_HIv1___Sc0000010","AUGUSTUS","transcript",8001121,8007326,"-","Pocillopora_meandrina_HIv1___RNAseq.g13477.t1",-5612,"Cluster_3397","Pocillopora_meandrina_HIv1___Sc0000010:8012916-8013008","Pocillopora_meandrina_HIv1___Sc0000010",8012916,8013008,93,26677,314,0.9910784571," + ","UACUUCAAUGUUAUCGGUUUGU",7987,404,130,142,12956,11855,1190,"22","Y",NA,"ptuh-mir-novel-10",NA,NA,"Q757F3",1e-06,"Mitochondrial ATPase complex subunit ATP10","mitochondrial proton-transporting ATP synthase complex assembly [GO:0033615]","GO:0005743; GO:0033615; GO:0051082"
"22","Pocillopora_meandrina_HIv1___Sc0000012","ShortStack","mature_miRNA",6455205,6455226,"+","ID=Cluster_3670.mature;Parent=Cluster_3670","Pocillopora_meandrina_HIv1___Sc0000012","AUGUSTUS","transcript",6453049,6455598,"+","Pocillopora_meandrina_HIv1___RNAseq.g9990.t1",21,"Cluster_3670","Pocillopora_meandrina_HIv1___Sc0000012:6455183-6455276","Pocillopora_meandrina_HIv1___Sc0000012",6455183,6455276,94,2417,125,1," + ","UGAAAUACUCUGACGGAGUCAGC",1099,309,151,42,196,1432,287,"23","Y",NA,"ptuh-mir-novel-17",NA,NA,"Q8N3P4",3.65e-09,"Vacuolar protein sorting-associated protein 8 homolog","endosomal vesicle fusion [GO:0034058]; protein targeting to vacuole [GO:0006623]; regulation of SNARE complex assembly [GO:0035542]","GO:0005769; GO:0005770; GO:0006623; GO:0030897; GO:0033263; GO:0034058; GO:0035542; GO:0046872"
"23","Pocillopora_meandrina_HIv1___Sc0000014","ShortStack","mature_miRNA",2366060,2366081,"-","ID=Cluster_4059.mature;Parent=Cluster_4059","Pocillopora_meandrina_HIv1___Sc0000014","AUGUSTUS","transcript",2363299,2363832,"+","Pocillopora_meandrina_HIv1___RNAseq.g26043.t1",-2228,"Cluster_4059","Pocillopora_meandrina_HIv1___Sc0000014:2366038-2366132","Pocillopora_meandrina_HIv1___Sc0000014",2366038,2366132,95,1393,67,0,"-","AUUUUUAGCCCGCGGAAGUUGC",641,54,1,97,930,301,10,"22","Y","ami-nve-F-miR-2025-3p_Acropora_millepora_Praher_et_al._2021_NA;Adi-Mir-2025_3p_Acropora_digitifera_Gajigan_&_Conaco_2017_nve-miR-2025-3p;_nve-miR-2025-3p;adi-nve-F-miR-2025_Acropora_digitifera__Praher_et_al._2021_NA","ptuh-mir-2025","apul-mir-2025; peve-mir-2025",NA,NA,NA,NA,NA,NA
"24","Pocillopora_meandrina_HIv1___Sc0000014","ShortStack","mature_miRNA",2594792,2594813,"+","ID=Cluster_4060.mature;Parent=Cluster_4060","Pocillopora_meandrina_HIv1___Sc0000014","AUGUSTUS","transcript",2593068,2601945,"+","Pocillopora_meandrina_HIv1___TS.g18816.t1a",21,"Cluster_4060","Pocillopora_meandrina_HIv1___Sc0000014:2594743-2594833","Pocillopora_meandrina_HIv1___Sc0000014",2594743,2594833,91,329,44,0.9969604863," + ","CGUGGUGCGUUAUUGUUUCGGU",54,60,0,17,167,49,36,"22","Y",NA,"ptuh-mir-novel-28",NA,NA,"Q5ZKZ9",8.27e-135,"Lipase maturation factor 2","protein maturation [GO:0051604]","GO:0005789; GO:0051604"
"25","Pocillopora_meandrina_HIv1___Sc0000014","ShortStack","mature_miRNA",9365481,9365502,"-","ID=Cluster_4142.mature;Parent=Cluster_4142","Pocillopora_meandrina_HIv1___Sc0000014","AUGUSTUS","transcript",9359560,9367897,"-","Pocillopora_meandrina_HIv1___RNAseq.g26655.t1",21,"Cluster_4142","Pocillopora_meandrina_HIv1___Sc0000014:9365459-9365552","Pocillopora_meandrina_HIv1___Sc0000014",9365459,9365552,94,11095,130,0,"-","UUCCAGAUUUGUAUCAUUGUUAU",7555,84,19,144,240,10206,402,"23","Y",NA,"ptuh-mir-novel-9",NA,NA,"Q6E2N3",2.13e-62,"E3 ubiquitin-protein ligase TRIM33 (EC 2.3.2.27) (Ectodermin homolog) (Protein moonshine) (RING-type E3 ubiquitin transferase TRIM33) (Transcription intermediary factor 1-gamma) (TIF1-gamma) (Tripartite motif-containing protein 33)","developmental pigmentation [GO:0048066]; embryonic hemopoiesis [GO:0035162]; erythrocyte differentiation [GO:0030218]; fin development [GO:0033333]; macrophage chemotaxis [GO:0048246]; macrophage migration [GO:1905517]; neutrophil chemotaxis [GO:0030593]; neutrophil migration [GO:1990266]; post-embryonic hemopoiesis [GO:0035166]; primitive hemopoiesis [GO:0060215]; protein ubiquitination [GO:0016567]; regulation of transcription elongation by RNA polymerase II [GO:0034243]","GO:0000785; GO:0003677; GO:0005634; GO:0008270; GO:0016567; GO:0016740; GO:0030218; GO:0030593; GO:0033333; GO:0034243; GO:0035162; GO:0035166; GO:0048066; GO:0048246; GO:0060215; GO:1905517; GO:1990266"
"26","Pocillopora_meandrina_HIv1___Sc0000016","ShortStack","mature_miRNA",7549579,7549600,"+","ID=Cluster_4466.mature;Parent=Cluster_4466","Pocillopora_meandrina_HIv1___Sc0000016","AUGUSTUS","transcript",7536714,7554288,"+","Pocillopora_meandrina_HIv1___RNAseq.g11703.t1b",21,"Cluster_4466","Pocillopora_meandrina_HIv1___Sc0000016:7549557-7549654","Pocillopora_meandrina_HIv1___Sc0000016",7549557,7549654,98,19309,318,1," + ","UCAGUUCCACCAGCUCACCAAU",5541,2059,16,989,9036,7181,28,"22","Y",NA,"ptuh-mir-novel-15",NA,NA,"O95405",0,"Zinc finger FYVE domain-containing protein 9 (Mothers against decapentaplegic homolog-interacting protein) (Madh-interacting protein) (Novel serine protease) (NSP) (Receptor activation anchor) (hSARA) (Smad anchor for receptor activation)","endocytosis [GO:0006897]; endosomal transport [GO:0016197]; transforming growth factor beta receptor signaling pathway [GO:0007179]","GO:0005545; GO:0005769; GO:0005829; GO:0006897; GO:0007179; GO:0016197; GO:0019904; GO:0031901; GO:0032991; GO:0043231; GO:0046872"
"27","Pocillopora_meandrina_HIv1___Sc0000016","ShortStack","mature_miRNA",7550615,7550635,"+","ID=Cluster_4468.mature;Parent=Cluster_4468","Pocillopora_meandrina_HIv1___Sc0000016","AUGUSTUS","transcript",7536714,7554288,"+","Pocillopora_meandrina_HIv1___RNAseq.g11703.t1b",20,"Cluster_4468","Pocillopora_meandrina_HIv1___Sc0000016:7550593-7550685","Pocillopora_meandrina_HIv1___Sc0000016",7550593,7550685,93,88578,511,1," + ","UCAGUCCCACCAUCUCACCAAU",40425,12690,185,7602,60344,7473,284,"22","Y",NA,"ptuh-mir-novel-14",NA,NA,"O95405",0,"Zinc finger FYVE domain-containing protein 9 (Mothers against decapentaplegic homolog-interacting protein) (Madh-interacting protein) (Novel serine protease) (NSP) (Receptor activation anchor) (hSARA) (Smad anchor for receptor activation)","endocytosis [GO:0006897]; endosomal transport [GO:0016197]; transforming growth factor beta receptor signaling pathway [GO:0007179]","GO:0005545; GO:0005769; GO:0005829; GO:0006897; GO:0007179; GO:0016197; GO:0019904; GO:0031901; GO:0032991; GO:0043231; GO:0046872"
"28","Pocillopora_meandrina_HIv1___Sc0000016","ShortStack","mature_miRNA",7553304,7553325,"+","ID=Cluster_4469.mature;Parent=Cluster_4469","Pocillopora_meandrina_HIv1___Sc0000016","AUGUSTUS","transcript",7536714,7554288,"+","Pocillopora_meandrina_HIv1___RNAseq.g11703.t1b",21,"Cluster_4469","Pocillopora_meandrina_HIv1___Sc0000016:7553282-7553379","Pocillopora_meandrina_HIv1___Sc0000016",7553282,7553379,98,5074,232,0.9998029168," + ","AGGUGAGCUGUGGGAACUCUUA",2487,400,36,788,3235,523,92,"22","Y",NA,"ptuh-mir-novel-13",NA,NA,"O95405",0,"Zinc finger FYVE domain-containing protein 9 (Mothers against decapentaplegic homolog-interacting protein) (Madh-interacting protein) (Novel serine protease) (NSP) (Receptor activation anchor) (hSARA) (Smad anchor for receptor activation)","endocytosis [GO:0006897]; endosomal transport [GO:0016197]; transforming growth factor beta receptor signaling pathway [GO:0007179]","GO:0005545; GO:0005769; GO:0005829; GO:0006897; GO:0007179; GO:0016197; GO:0019904; GO:0031901; GO:0032991; GO:0043231; GO:0046872"
"29","Pocillopora_meandrina_HIv1___Sc0000016","ShortStack","mature_miRNA",7555692,7555713,"+","ID=Cluster_4470.mature;Parent=Cluster_4470","Pocillopora_meandrina_HIv1___Sc0000016","AUGUSTUS","transcript",7536714,7554288,"+","Pocillopora_meandrina_HIv1___RNAseq.g11703.t1b",-1404,"Cluster_4470","Pocillopora_meandrina_HIv1___Sc0000016:7555639-7555733","Pocillopora_meandrina_HIv1___Sc0000016",7555639,7555733,95,15877,280,1," + ","UCAGUCCCACCAGCUCACCAAU",3822,3426,42,3687,5603,3057,62,"N","Y",NA,"ptuh-mir-novel-12",NA,NA,"O95405",0,"Zinc finger FYVE domain-containing protein 9 (Mothers against decapentaplegic homolog-interacting protein) (Madh-interacting protein) (Novel serine protease) (NSP) (Receptor activation anchor) (hSARA) (Smad anchor for receptor activation)","endocytosis [GO:0006897]; endosomal transport [GO:0016197]; transforming growth factor beta receptor signaling pathway [GO:0007179]","GO:0005545; GO:0005769; GO:0005829; GO:0006897; GO:0007179; GO:0016197; GO:0019904; GO:0031901; GO:0032991; GO:0043231; GO:0046872"
"30","Pocillopora_meandrina_HIv1___Sc0000016","ShortStack","mature_miRNA",7556380,7556401,"+","ID=Cluster_4471.mature;Parent=Cluster_4471","Pocillopora_meandrina_HIv1___Sc0000016","AUGUSTUS","transcript",7557575,7558784,"-","Pocillopora_meandrina_HIv1___RNAseq.g11704.t1",-1174,"Cluster_4471","Pocillopora_meandrina_HIv1___Sc0000016:7556327-7556421","Pocillopora_meandrina_HIv1___Sc0000016",7556327,7556421,95,637,78,0.9984301413," + ","UCAGUUCCACCAGCUCACCAAU",160,73,22,29,266,237,10,"22","Y",NA,"ptuh-mir-novel-11",NA,NA,"Q54V61",3.57e-22,"NADH dehydrogenase [ubiquinone] 1 beta subcomplex subunit 7","","GO:0005747; GO:0005758"
"31","Pocillopora_meandrina_HIv1___Sc0000017","ShortStack","mature_miRNA",5050959,5050980,"-","ID=Cluster_4599.mature;Parent=Cluster_4599","Pocillopora_meandrina_HIv1___Sc0000017","AUGUSTUS","transcript",5040661,5060533,"-","Pocillopora_meandrina_HIv1___RNAseq.g29326.t1",21,"Cluster_4599","Pocillopora_meandrina_HIv1___Sc0000017:5050908-5051000","Pocillopora_meandrina_HIv1___Sc0000017",5050908,5051000,93,132750,610,0,"-","AACUGCUGAGAUUCUAUGGAUUU",47680,4764,285,1096,22198,101160,3247,"23","Y",NA,"ptuh-mir-novel-19",NA,NA,"Q99LI7",0,"Cleavage stimulation factor subunit 3 (CF-1 77 kDa subunit) (Cleavage stimulation factor 77 kDa subunit) (CSTF 77 kDa subunit) (CstF-77)","co-transcriptional mRNA 3'-end processing, cleavage and polyadenylation pathway [GO:0180010]; RNA 3'-end processing [GO:0031123]","GO:0003729; GO:0005634; GO:0005654; GO:0005848; GO:0031123; GO:0180010"
"32","Pocillopora_meandrina_HIv1___Sc0000018","ShortStack","mature_miRNA",4564906,4564927,"+","ID=Cluster_4778.mature;Parent=Cluster_4778","Pocillopora_meandrina_HIv1___Sc0000018","AUGUSTUS","transcript",4565649,4573398,"-","Pocillopora_meandrina_HIv1___RNAseq.g28490.t1",-722,"Cluster_4778","Pocillopora_meandrina_HIv1___Sc0000018:4564884-4564976","Pocillopora_meandrina_HIv1___Sc0000018",4564884,4564976,93,530,60,1," + ","UAACCUUAUUUGUCUUCACAUGU",143,35,0,42,119,278,56,"23","Y",NA,"ptuh-mir-novel-22",NA,NA,"O46419",1.51e-57,"Lipoyl amidotransferase LIPT1, mitochondrial (EC 2.3.1.200) (Lipoate biosynthesis protein) (Lipoate-protein ligase) (Lipoyl ligase) (Lipoyltransferase 1) (EC 2.3.1.-)","","GO:0005737; GO:0005739; GO:0017118"
"33","Pocillopora_meandrina_HIv1___Sc0000018","ShortStack","mature_miRNA",6855521,6855542,"+","ID=Cluster_4846.mature;Parent=Cluster_4846","Pocillopora_meandrina_HIv1___Sc0000018","AUGUSTUS","transcript",6845931,6863739,"+","Pocillopora_meandrina_HIv1___TS.g8477.t1a",21,"Cluster_4846","Pocillopora_meandrina_HIv1___Sc0000018:6855499-6855592","Pocillopora_meandrina_HIv1___Sc0000018",6855499,6855592,94,6913,289,1," + ","GGAUUAAAAUUUGUUGGGUGUGC",1244,738,316,522,428,3428,1481,"23","Y",NA,"ptuh-mir-novel-16",NA,NA,"Q6NU40",0,"Chromosome transmission fidelity protein 18 homolog","DNA replication [GO:0006260]","GO:0003677; GO:0003689; GO:0005524; GO:0005634; GO:0005663; GO:0006260; GO:0016887"
"34","Pocillopora_meandrina_HIv1___Sc0000021","ShortStack","mature_miRNA",4351839,4351860,"+","ID=Cluster_5275.mature;Parent=Cluster_5275","Pocillopora_meandrina_HIv1___Sc0000021","AUGUSTUS","transcript",4346969,4358531,"+","Pocillopora_meandrina_HIv1___RNAseq.g10955.t1",21,"Cluster_5275","Pocillopora_meandrina_HIv1___Sc0000021:4351817-4351909","Pocillopora_meandrina_HIv1___Sc0000021",4351817,4351909,93,163,39,1," + ","ACUGAUAUUCACCAAGUG",34,72,4,45,26,13,3,"N","Y","spi-mir-temp-34_Stylophora_pistillata_Liew_et_al._2014_NA","ptuh-mir-novel-23",NA,NA,"P31266",0,"Recombining binding protein suppressor of hairless (J kappa-recombination signal-binding protein) (RBP-J kappa)","angiogenesis [GO:0001525]; aortic valve development [GO:0003176]; arterial endothelial cell fate commitment [GO:0060844]; artery morphogenesis [GO:0048844]; atrioventricular canal development [GO:0036302]; auditory receptor cell fate commitment [GO:0009912]; B cell differentiation [GO:0030183]; blood vessel endothelial cell fate specification [GO:0097101]; blood vessel lumenization [GO:0072554]; blood vessel remodeling [GO:0001974]; cardiac left ventricle morphogenesis [GO:0003214]; cardiac muscle cell myoblast differentiation [GO:0060379]; cell differentiation [GO:0030154]; cell fate commitment [GO:0045165]; cell population proliferation [GO:0008283]; club cell differentiation [GO:0060486]; defense response to bacterium [GO:0042742]; determination of heart left/right asymmetry [GO:0061371]; dorsal aorta morphogenesis [GO:0035912]; endocardium development [GO:0003157]; endocardium morphogenesis [GO:0003160]; epidermal cell fate specification [GO:0009957]; epithelial cell proliferation [GO:0050673]; epithelial to mesenchymal transition [GO:0001837]; epithelial to mesenchymal transition involved in endocardial cushion formation [GO:0003198]; hair follicle maturation [GO:0048820]; heart development [GO:0007507]; heart induction [GO:0003129]; heart looping [GO:0001947]; hemopoiesis [GO:0030097]; humoral immune response [GO:0006959]; inflammatory response to antigenic stimulus [GO:0002437]; keratinocyte differentiation [GO:0030216]; labyrinthine layer blood vessel development [GO:0060716]; myeloid dendritic cell differentiation [GO:0043011]; negative regulation of cell differentiation [GO:0045596]; negative regulation of cold-induced thermogenesis [GO:0120163]; negative regulation of DNA-templated transcription [GO:0045892]; negative regulation of ossification [GO:0030279]; negative regulation of stem cell proliferation [GO:2000647]; negative regulation of transcription by RNA polymerase II [GO:0000122]; neuron differentiation [GO:0030182]; Notch signaling pathway [GO:0007219]; outflow tract morphogenesis [GO:0003151]; pituitary gland development [GO:0021983]; positive regulation of BMP signaling pathway [GO:0030513]; positive regulation of canonical Wnt signaling pathway [GO:0090263]; positive regulation of cardiac muscle cell proliferation [GO:0060045]; positive regulation of cell proliferation involved in heart morphogenesis [GO:2000138]; positive regulation of DNA-templated transcription [GO:0045893]; positive regulation of ephrin receptor signaling pathway [GO:1901189]; positive regulation of epithelial cell proliferation [GO:0050679]; positive regulation of ERBB signaling pathway [GO:1901186]; positive regulation of gene expression [GO:0010628]; positive regulation of transcription by RNA polymerase II [GO:0045944]; positive regulation of transcription of Notch receptor target [GO:0007221]; pulmonary valve development [GO:0003177]; regulation of cell adhesion involved in heart morphogenesis [GO:0061344]; regulation of epithelial cell proliferation [GO:0050678]; regulation of gene expression [GO:0010468]; regulation of generation of precursor metabolites and energy [GO:0043467]; regulation of timing of cell differentiation [GO:0048505]; regulation of transcription by RNA polymerase II [GO:0006357]; sebaceous gland development [GO:0048733]; secondary heart field specification [GO:0003139]; somatic stem cell population maintenance [GO:0035019]; somitogenesis [GO:0001756]; stem cell proliferation [GO:0072089]; ventricular septum morphogenesis [GO:0060412]; ventricular trabecula myocardium morphogenesis [GO:0003222]","GO:0000122; GO:0000978; GO:0000981; GO:0001228; GO:0001525; GO:0001756; GO:0001837; GO:0001947; GO:0001974; GO:0002193; GO:0002437; GO:0003129; GO:0003139; GO:0003151; GO:0003157; GO:0003160; GO:0003176; GO:0003177; GO:0003198; GO:0003214; GO:0003222; GO:0003677; GO:0003682; GO:0005634; GO:0005654; GO:0005667; GO:0005730; GO:0005737; GO:0006357; GO:0006959; GO:0007219; GO:0007221; GO:0007507; GO:0008283; GO:0009912; GO:0009957; GO:0010468; GO:0010628; GO:0017053; GO:0021983; GO:0030097; GO:0030154; GO:0030182; GO:0030183; GO:0030216; GO:0030279; GO:0030513; GO:0032991; GO:0032993; GO:0035019; GO:0035912; GO:0036302; GO:0042742; GO:0043011; GO:0043467; GO:0043565; GO:0044877; GO:0045165; GO:0045596; GO:0045892; GO:0045893; GO:0045944; GO:0048505; GO:0048733; GO:0048820; GO:0048844; GO:0050673; GO:0050678; GO:0050679; GO:0060045; GO:0060379; GO:0060412; GO:0060486; GO:0060716; GO:0060844; GO:0061344; GO:0061371; GO:0061629; GO:0072089; GO:0072554; GO:0090263; GO:0097101; GO:0120163; GO:1901186; GO:1901189; GO:2000138; GO:2000647"
"35","Pocillopora_meandrina_HIv1___Sc0000024","ShortStack","mature_miRNA",4808688,4808708,"+","ID=Cluster_5642.mature;Parent=Cluster_5642","Pocillopora_meandrina_HIv1___Sc0000024","AUGUSTUS","transcript",4797854,4815578,"+","Pocillopora_meandrina_HIv1___RNAseq.g14877.t1",20,"Cluster_5642","Pocillopora_meandrina_HIv1___Sc0000024:4808666-4808760","Pocillopora_meandrina_HIv1___Sc0000024",4808666,4808760,95,3154,144,1," + ","AGAACCCAAGAAUCUCGA",894,2822,1,301,26,3,1,"N","Y",NA,"ptuh-mir-novel-21",NA,NA,"Q8NEE6",3.01e-169,"F-box and leucine-rich repeat protein 13 (Dynein regulatory complex subunit 6) (F-box/LRR-repeat protein 13)","SCF-dependent proteasomal ubiquitin-dependent protein catabolic process [GO:0031146]","GO:0005813; GO:0005829; GO:0019005; GO:0031146; GO:0031514"
"36","Pocillopora_meandrina_HIv1___Sc0000026","ShortStack","mature_miRNA",1154772,1154793,"-","ID=Cluster_5770.mature;Parent=Cluster_5770","Pocillopora_meandrina_HIv1___Sc0000026","AUGUSTUS","transcript",1150885,1161746,"-","Pocillopora_meandrina_HIv1___RNAseq.g11916.t1",21,"Cluster_5770","Pocillopora_meandrina_HIv1___Sc0000026:1154719-1154813","Pocillopora_meandrina_HIv1___Sc0000026",1154719,1154813,95,23971,150,0,"-","UAAGAUCAAGUUCAUGGUAUUCU",14088,61,53,21,570,22819,447,"23","Y",NA,"ptuh-mir-novel-30",NA,NA,"Q75NR7",7.01e-165,"ATP-dependent DNA helicase Q4 (EC 5.6.2.4) (DNA 3'-5' helicase RecQ4) (DNA helicase, RecQ-like type 4) (RecQ4) (RecQ protein-like 4)","DNA unwinding involved in DNA replication [GO:0006268]; double-strand break repair via homologous recombination [GO:0000724]; negative regulation of sister chromatid cohesion [GO:0045875]; pigmentation [GO:0043473]; positive regulation of cell population proliferation [GO:0008284]; sister chromatid cohesion [GO:0007062]; skeletal system development [GO:0001501]; skeletal system morphogenesis [GO:0048705]; telomere maintenance [GO:0000723]","GO:0000723; GO:0000724; GO:0001501; GO:0003677; GO:0005524; GO:0005634; GO:0005694; GO:0005737; GO:0006268; GO:0007062; GO:0008270; GO:0008284; GO:0009378; GO:0016853; GO:0016887; GO:0043138; GO:0043473; GO:0045875; GO:0048705"
"37","Pocillopora_meandrina_HIv1___Sc0000035","ShortStack","mature_miRNA",1989842,1989863,"+","ID=Cluster_6429.mature;Parent=Cluster_6429","Pocillopora_meandrina_HIv1___Sc0000035","AUGUSTUS","transcript",1988467,1989492,"+","Pocillopora_meandrina_HIv1___RNAseq.g12735.t1",-350,"Cluster_6429","Pocillopora_meandrina_HIv1___Sc0000035:1989820-1989912","Pocillopora_meandrina_HIv1___Sc0000035",1989820,1989912,93,4587,200,1," + ","UAUUUACAACUCUCAAAACAAC",1719,616,49,387,2003,1495,37,"22","Y",NA,"ptuh-mir-novel-29",NA,NA,"Q99MX7",2.59e-08,"Transmembrane protein 121B (Cat eye syndrome critical region protein 6 homolog)","",""
