"","m_chrom","m_source","m_type","m_start","m_end","m_strand","m_attr","gf_chrom","gf_source","gf_type","gf_start","gf_end","gf_strand","gf_attr","m_ID","overlap","Locus","Chrom","Start","End","Length","Reads","DistinctSequences","FracTop","Strand","MajorRNA","MajorRNAReads","Short","Long","X21","X22","X23","X24","DicerCall","MIRNA","known_miRNAs","given_miRNA_name","SharedSequence","Notes"
"1","Porites_evermani_scaffold_1","ShortStack","mature_miRNA",1404272,1404293,"-","ID=Cluster_29.mature;Parent=Cluster_29","Porites_evermani_scaffold_1","Gmove","mRNA",1380413,1416448,"-","ID=Peve_00000077;Name=Peve_00000077;start=1;stop=1;cds_size=1851","Cluster_29",21,"Porites_evermani_scaffold_1:1404250-1404342","Porites_evermani_scaffold_1",1404250,1404342,93,9574,313,0.001880091916,"-","UUAUGCUCUGUAUACUGGUAGU",2849,3870,80,468,4427,685,44,"N","Y",NA,"peve-mir-novel-1",NA,NA
"2","Porites_evermani_scaffold_1128","ShortStack","mature_miRNA",125548,125568,"-","ID=Cluster_9915.mature;Parent=Cluster_9915","Porites_evermani_scaffold_1128","Gmove","mRNA",109237,127279,"-","ID=Peve_00002249;Name=Peve_00002249;start=1;stop=1;cds_size=1119","Cluster_9915",20,"Porites_evermani_scaffold_1128:125526-125618","Porites_evermani_scaffold_1128",125526,125618,93,2705,97,0.001478743068,"-","CAUGUGUUAAUUUGGACGAUU",1459,798,0,1727,157,20,3,"N","Y",NA,"peve-mir-novel-25",NA,NA
"3","Porites_evermani_scaffold_1159","ShortStack","mature_miRNA",6702,6723,"+","ID=Cluster_9991.mature;Parent=Cluster_9991","Porites_evermani_scaffold_1159","Gmove","mRNA",2148,29843,"+","ID=Peve_00002673;Name=Peve_00002673;start=1;stop=1;cds_size=3507","Cluster_9991",21,"Porites_evermani_scaffold_1159:6653-6743","Porites_evermani_scaffold_1159",6653,6743,91,12685,257,0.9926685061," + ","UGAGGUAAUUGUUGUUUAAAACU",2958,2219,44,1348,1785,7260,29,"23","Y",NA,"peve-mir-novel-26",NA,NA
"4","Porites_evermani_scaffold_1159","ShortStack","mature_miRNA",7428,7449,"+","ID=Cluster_9992.mature;Parent=Cluster_9992","Porites_evermani_scaffold_1159","Gmove","mRNA",2148,29843,"+","ID=Peve_00002673;Name=Peve_00002673;start=1;stop=1;cds_size=3507","Cluster_9992",21,"Porites_evermani_scaffold_1159:7406-7500","Porites_evermani_scaffold_1159",7406,7500,95,6497,250,1," + ","UAAGGUUGUUGUUGCUUAAAACU",1471,485,79,1337,347,4011,238,"23","Y",NA,"peve-mir-novel-27",NA,NA
"5","Porites_evermani_scaffold_138","ShortStack","mature_miRNA",127966,127987,"+","ID=Cluster_2770.mature;Parent=Cluster_2770","Porites_evermani_scaffold_138","Gmove","mRNA",114562,186450,"+","ID=Peve_00005902;Name=Peve_00005902;start=1;stop=1;cds_size=8289","Cluster_2770",21,"Porites_evermani_scaffold_138:127944-128038","Porites_evermani_scaffold_138",127944,128038,95,3344,133,1," + ","UCACUGAAGCCGUCUAUCUUGAU",924,878,108,125,887,1116,230,"N","Y",NA,"peve-mir-novel-4",NA,NA
"6","Porites_evermani_scaffold_1415","ShortStack","mature_miRNA",72071,72092,"+","ID=Cluster_10850.mature;Parent=Cluster_10850","Porites_evermani_scaffold_1415","Gmove","mRNA",54574,77863,"+","ID=Peve_00006453;Name=Peve_00006453;start=1;stop=1;cds_size=5052","Cluster_10850",21,"Porites_evermani_scaffold_1415:72049-72142","Porites_evermani_scaffold_1415",72049,72142,94,732,71,1," + ","ACAGGUGAAUGUUGUGUGAUCGCU",224,153,21,75,53,168,262,"N","Y",NA,"peve-mir-novel-28",NA,NA
"7","Porites_evermani_scaffold_1429","ShortStack","mature_miRNA",47285,47306,"-","ID=Cluster_10882.mature;Parent=Cluster_10882","Porites_evermani_scaffold_1429","Gmove","mRNA",48,56807,"-","ID=Peve_00006602;Name=Peve_00006602;start=1;stop=0;cds_size=11085","Cluster_10882",21,"Porites_evermani_scaffold_1429:47235-47326","Porites_evermani_scaffold_1429",47235,47326,92,13224,205,0,"-","UGCAUCACUAAAAUUUCUCAAU",6555,4484,5,227,7951,495,62,"N","Y",NA,"peve-mir-novel-29",NA,NA
"8","Porites_evermani_scaffold_145","ShortStack","mature_miRNA",5406,5427,"+","ID=Cluster_2837.mature;Parent=Cluster_2837","Porites_evermani_scaffold_145","Gmove","mRNA",303,4364,"+","ID=Peve_00006824;Name=Peve_00006824;start=1;stop=1;cds_size=462","Cluster_2837",-1042,"Porites_evermani_scaffold_145:5384-5473","Porites_evermani_scaffold_145",5384,5473,90,455,49,0.8505494505," + ","UCUAAAUCCGGAUUUCCCAAUCG",63,79,8,118,100,134,16,"23","Y",NA,"peve-mir-novel-5",NA,NA
"9","Porites_evermani_scaffold_148","ShortStack","mature_miRNA",94583,94604,"-","ID=Cluster_2871.mature;Parent=Cluster_2871","Porites_evermani_scaffold_148","Gmove","mRNA",92028,98639,"-","ID=Peve_00007217;Name=Peve_00007217;start=1;stop=1;cds_size=1047","Cluster_2871",21,"Porites_evermani_scaffold_148:94531-94624","Porites_evermani_scaffold_148",94531,94624,94,7981,155,0,"-","UAAUUGUCCUUUAGUGUUUGU",5087,481,8,6125,241,968,158,"21","Y",NA,"peve-mir-novel-6",NA,NA
"10","Porites_evermani_scaffold_1503","ShortStack","mature_miRNA",47580,47601,"+","ID=Cluster_11045.mature;Parent=Cluster_11045","Porites_evermani_scaffold_1503","Gmove","mRNA",42025,72148,"+","ID=Peve_00007592;Name=Peve_00007592;start=1;stop=1;cds_size=4173","Cluster_11045",21,"Porites_evermani_scaffold_1503:47558-47651","Porites_evermani_scaffold_1503",47558,47651,94,54744,235,1," + ","UCAAGUCUAGGCUGGUUAGUUU",43003,1714,36,2952,48769,1092,181,"22","Y","spi-mir-temp-15_Stylophora_pistillata_Liew_et_al._2014_NA;spi-miR-L-temp-15_Stylophora_pistillata_Praher_et_al._2021_NA","peve-mir-novel-30",NA,NA
"11","Porites_evermani_scaffold_1503","ShortStack","mature_miRNA",47771,47792,"+","ID=Cluster_11046.mature;Parent=Cluster_11046","Porites_evermani_scaffold_1503","Gmove","mRNA",42025,72148,"+","ID=Peve_00007592;Name=Peve_00007592;start=1;stop=1;cds_size=4173","Cluster_11046",21,"Porites_evermani_scaffold_1503:47749-47842","Porites_evermani_scaffold_1503",47749,47842,94,208017,404,1," + ","UCAGGUCUAGGCUGGUUAGUUU",151883,8155,251,19578,172561,6956,516,"22","Y",NA,"peve-mir-novel-31",NA,NA
"12","Porites_evermani_scaffold_16","ShortStack","mature_miRNA",383437,383458,"-","ID=Cluster_578.mature;Parent=Cluster_578","Porites_evermani_scaffold_16","Gmove","mRNA",363081,391056,"-","ID=Peve_00008791;Name=Peve_00008791;start=1;stop=1;cds_size=4689","Cluster_578",21,"Porites_evermani_scaffold_16:383386-383478","Porites_evermani_scaffold_16",383386,383478,93,4060,194,0,"-","UUAAGGGCCUGGGAGAGAGAAG",1239,1297,46,158,1819,699,41,"N","Y",NA,"peve-mir-novel-2",NA,NA
"13","Porites_evermani_scaffold_1732","ShortStack","mature_miRNA",76504,76525,"+","ID=Cluster_11890.mature;Parent=Cluster_11890","Porites_evermani_scaffold_1732","Gmove","mRNA",72130,79666,"+","ID=Peve_00010404;Name=Peve_00010404;start=1;stop=1;cds_size=774","Cluster_11890",21,"Porites_evermani_scaffold_1732:76482-76574","Porites_evermani_scaffold_1732",76482,76574,93,1108,120,0.9972924188," + ","UUAUGCAGAAAGUAAUAGUUCA",171,262,101,279,335,96,35,"N","Y",NA,"peve-mir-novel-32",NA,NA
"14","Porites_evermani_scaffold_253","ShortStack","mature_miRNA",200965,200986,"+","ID=Cluster_4063.mature;Parent=Cluster_4063","Porites_evermani_scaffold_253","Gmove","mRNA",184195,221796,"+","ID=Peve_00018698;Name=Peve_00018698;start=1;stop=1;cds_size=2292","Cluster_4063",21,"Porites_evermani_scaffold_253:200943-201039","Porites_evermani_scaffold_253",200943,201039,97,44919,609,0.9996883279," + ","UAGAAAACUCGUGUACGUGACCCU",6501,15379,2459,1384,8810,6454,10433,"N","Y",NA,"peve-mir-novel-7",NA,NA
"15","Porites_evermani_scaffold_253","ShortStack","mature_miRNA",202286,202307,"+","ID=Cluster_4064.mature;Parent=Cluster_4064","Porites_evermani_scaffold_253","Gmove","mRNA",184195,221796,"+","ID=Peve_00018698;Name=Peve_00018698;start=1;stop=1;cds_size=2292","Cluster_4064",21,"Porites_evermani_scaffold_253:202235-202327","Porites_evermani_scaffold_253",202235,202327,93,62077,551,0.9997583646," + ","UAAAAAACUCGUCGACGUGA",17855,48012,477,3646,7017,1001,1924,"N","Y",NA,"peve-mir-novel-8",NA,NA
"16","Porites_evermani_scaffold_257","ShortStack","mature_miRNA",110361,110382,"-","ID=Cluster_4097.mature;Parent=Cluster_4097","Porites_evermani_scaffold_257","Gmove","mRNA",62092,117883,"-","ID=Peve_00018966;Name=Peve_00018966;start=1;stop=1;cds_size=4011","Cluster_4097",21,"Porites_evermani_scaffold_257:110308-110402","Porites_evermani_scaffold_257",110308,110402,95,20983,515,0,"-","AAGCACAACAUUAAUAGGAGU",8549,2893,133,11313,2394,3473,777,"21","Y",NA,"peve-mir-novel-9",NA,NA
"17","Porites_evermani_scaffold_2595","ShortStack","mature_miRNA",68591,68612,"-","ID=Cluster_14130.mature;Parent=Cluster_14130","Porites_evermani_scaffold_2595","Gmove","mRNA",62698,65205,"+","ID=Peve_00019183;Name=Peve_00019183;start=1;stop=1;cds_size=2508","Cluster_14130",-3386,"Porites_evermani_scaffold_2595:68540-68632","Porites_evermani_scaffold_2595",68540,68632,93,154,19,0.01298701299,"-","UCUGAGUCAAUAGCCCAUUCUG",112,0,27,1,125,1,0,"22","Y",NA,"peve-mir-novel-33",NA,NA
"18","Porites_evermani_scaffold_26","ShortStack","mature_miRNA",382572,382593,"-","ID=Cluster_786.mature;Parent=Cluster_786","Porites_evermani_scaffold_26","Gmove","mRNA",378058,392680,"-","ID=Peve_00019270;Name=Peve_00019270;start=1;stop=1;cds_size=1956","Cluster_786",21,"Porites_evermani_scaffold_26:382550-382645","Porites_evermani_scaffold_26",382550,382645,96,93348,537,2.14e-05,"-","UCUCAGCUCACCAAUCUCUGCU",55070,3610,1891,2578,71538,12756,975,"22","Y",NA,"peve-mir-novel-3",NA,NA
"19","Porites_evermani_scaffold_2738","ShortStack","mature_miRNA",56885,56906,"+","ID=Cluster_14362.mature;Parent=Cluster_14362","Porites_evermani_scaffold_2738","Gmove","mRNA",52051,60414,"+","ID=Peve_00020407;Name=Peve_00020407;start=1;stop=1;cds_size=792","Cluster_14362",21,"Porites_evermani_scaffold_2738:56836-56926","Porites_evermani_scaffold_2738",56836,56926,91,189,33,1," + ","UUUCUCUAAUCUCUAUGG",56,86,1,27,51,11,13,"N","Y",NA,"peve-mir-novel-34",NA,NA
"20","Porites_evermani_scaffold_3072","ShortStack","mature_miRNA",29480,29501,"+","ID=Cluster_14865.mature;Parent=Cluster_14865","Porites_evermani_scaffold_3072","Gmove","mRNA",32570,40695,"-","ID=Peve_00023162;Name=Peve_00023162;start=1;stop=1;cds_size=1293","Cluster_14865",-3069,"Porites_evermani_scaffold_3072:29428-29521","Porites_evermani_scaffold_3072",29428,29521,94,588,33,1," + ","AUUUUUAGCCCGCGGAAGUUGC",317,18,0,26,498,46,0,"22","Y","ami-nve-F-miR-2025-3p_Acropora_millepora_Praher_et_al._2021_NA;Adi-Mir-2025_3p_Acropora_digitifera_Gajigan_&_Conaco_2017_nve-miR-2025-3p;_nve-miR-2025-3p;adi-nve-F-miR-2025_Acropora_digitifera__Praher_et_al._2021_NA","peve-mir-2025","apul-mir-2025; ptuh-mir-2025",NA
"21","Porites_evermani_scaffold_316","ShortStack","mature_miRNA",88465,88486,"-","ID=Cluster_4617.mature;Parent=Cluster_4617","Porites_evermani_scaffold_316","Gmove","mRNA",75224,97019,"-","ID=Peve_00023764;Name=Peve_00023764;start=1;stop=1;cds_size=2154","Cluster_4617",21,"Porites_evermani_scaffold_316:88415-88506","Porites_evermani_scaffold_316",88415,88506,92,1450,72,0,"-","UCCCCGCCAGGAAUUCUUGUAUU",468,169,19,106,552,590,14,"23","Y",NA,"peve-mir-novel-10",NA,NA
"22","Porites_evermani_scaffold_334","ShortStack","mature_miRNA",153605,153626,"-","ID=Cluster_4722.mature;Parent=Cluster_4722","Porites_evermani_scaffold_334","Gmove","mRNA",151380,156016,"-","ID=Peve_00024908;Name=Peve_00024908;start=1;stop=1;cds_size=465","Cluster_4722",21,"Porites_evermani_scaffold_334:153554-153646","Porites_evermani_scaffold_334",153554,153646,93,1061,119,0.06503298775,"-","UGCAGGUACAGUUAUAAGGU",75,500,3,196,266,90,6,"N","Y",NA,"peve-mir-novel-11",NA,NA
"23","Porites_evermani_scaffold_3707","ShortStack","mature_miRNA",36124,36145,"-","ID=Cluster_15601.mature;Parent=Cluster_15601","Porites_evermani_scaffold_3707","Gmove","mRNA",4140,33741,"-","ID=Peve_00027156;Name=Peve_00027156;start=1;stop=1;cds_size=4080","Cluster_15601",-2383,"Porites_evermani_scaffold_3707:36102-36199","Porites_evermani_scaffold_3707",36102,36199,98,1730,68,0,"-","UUGAACACUGAAACCCUGU",608,968,7,96,576,33,50,"N","Y",NA,"peve-mir-novel-35",NA,NA
"24","Porites_evermani_scaffold_3893","ShortStack","mature_miRNA",3849,3870,"-","ID=Cluster_15760.mature;Parent=Cluster_15760","Porites_evermani_scaffold_3893","Gmove","mRNA",4163,12719,"-","ID=Peve_00028106;Name=Peve_00028106;start=1;stop=1;cds_size=669","Cluster_15760",-293,"Porites_evermani_scaffold_3893:3797-3890","Porites_evermani_scaffold_3893",3797,3890,94,1787,140,0.1152770006,"-","UUAAGAAUAUCAGUGAUAGGGA",429,375,0,404,574,358,76,"N","Y",NA,"peve-mir-novel-36",NA,NA
"25","Porites_evermani_scaffold_430","ShortStack","mature_miRNA",205887,205909,"-","ID=Cluster_5540.mature;Parent=Cluster_5540","Porites_evermani_scaffold_430","Gmove","mRNA",166240,198633,"+","ID=Peve_00030448;Name=Peve_00030448;start=1;stop=0;cds_size=2292","Cluster_5540",-7254,"Porites_evermani_scaffold_430:205865-205960","Porites_evermani_scaffold_430",205865,205960,96,2539,137,0,"-","UAUAUUGUACGACUCUCAUC",600,1259,46,46,107,480,601,"N","Y","spi-mir-temp-30_Stylophora_pistillata_Liew_et_al._2014_Close_match_of_nve-miR-2036.;spi-nve-F-miR-2036_Stylophora_pistillata_Praher_et_al._2021_NA;ami-nve-F-miR-2036-3p_Acropora_millepora_Praher_et_al._2021_NA;Adi-Mir-2036_3p_Acropora_digitifera_Gajigan_&_Conaco_2017_nve-miR-2036-3p;_nve-miR-2036-3p;_spi-miR-temp-30;eca-nve-F-miR-2036_Edwardsiella_carnea_Praher_et_al._2021_Transcriptome-level","peve-mir-2036","apul-mir-2036; ptuh-mir-2036",NA
"26","Porites_evermani_scaffold_442","ShortStack","mature_miRNA",239763,239784,"-","ID=Cluster_5636.mature;Parent=Cluster_5636","Porites_evermani_scaffold_442","Gmove","mRNA",226746,261065,"-","ID=Peve_00031080;Name=Peve_00031080;start=1;stop=1;cds_size=4155","Cluster_5636",21,"Porites_evermani_scaffold_442:239713-239804","Porites_evermani_scaffold_442",239713,239804,92,247,39,0.04858299595,"-","UAUGGAGAUCGAGGAUGGCAUU",141,23,22,31,163,6,2,"22","Y",NA,"peve-mir-novel-12",NA,NA
"27","Porites_evermani_scaffold_461","ShortStack","mature_miRNA",215508,215529,"+","ID=Cluster_5849.mature;Parent=Cluster_5849","Porites_evermani_scaffold_461","Gmove","mRNA",195335,219054,"+","ID=Peve_00031963;Name=Peve_00031963;start=1;stop=1;cds_size=2247","Cluster_5849",21,"Porites_evermani_scaffold_461:215454-215549","Porites_evermani_scaffold_461",215454,215549,96,1340,81,1," + ","CGGUUCUUGUAUGCUGUUCUAAU",605,379,46,26,176,680,33,"N","Y",NA,"peve-mir-novel-13",NA,NA
"28","Porites_evermani_scaffold_47","ShortStack","mature_miRNA",475994,476015,"-","ID=Cluster_1125.mature;Parent=Cluster_1125","Porites_evermani_scaffold_47","Gmove","mRNA",472594,482329,"-","ID=Peve_00032303;Name=Peve_00032303;start=1;stop=1;cds_size=1728","Cluster_1125",21,"Porites_evermani_scaffold_47:475972-476066","Porites_evermani_scaffold_47",475972,476066,95,3061,140,0.000326690624,"-","UAAUUAUAUCAGAAGGAAGAAGA",1119,334,114,218,268,1384,743,"23","Y",NA,"peve-mir-novel-4",NA,NA
"29","Porites_evermani_scaffold_4805","ShortStack","mature_miRNA",3258,3279,"-","ID=Cluster_16267.mature;Parent=Cluster_16267","Porites_evermani_scaffold_4805","Gmove","mRNA",4859,9462,"-","ID=Peve_00032789;Name=Peve_00032789;start=1;stop=1;cds_size=1011","Cluster_16267",-1580,"Porites_evermani_scaffold_4805:3236-3327","Porites_evermani_scaffold_4805",3236,3327,92,156,23,0,"-","GGCGUUUUUAGGGGAGCUCGUU",35,3,1,30,76,43,3,"22","Y",NA,"peve-mir-novel-37",NA,NA
"30","Porites_evermani_scaffold_49","ShortStack","mature_miRNA",151640,151661,"-","ID=Cluster_1153.mature;Parent=Cluster_1153","Porites_evermani_scaffold_49","Gmove","mRNA",147531,165944,"-","ID=Peve_00033113;Name=Peve_00033113;start=1;stop=1;cds_size=390","Cluster_1153",21,"Porites_evermani_scaffold_49:151587-151681","Porites_evermani_scaffold_49",151587,151681,95,267836,483,0,"-","UCCCGUAGAUCCGAACUUGU",173986,216104,92,14714,35566,1169,191,"N","Y","ami-nve-F-miR-100-5p_Acropora_millepora_Praher_et_al._2021_NA;Adi-Mir-100_5p_Acropora_digitifera_Gajigan_&_Conaco_2017_mir-100;_spi-miR-temp-1;adi-nve-F-miR-100_Acropora_digitifera__Praher_et_al._2021_NA","peve-mir-100","apul-mir-100; ptuh-mir-100",NA
"31","Porites_evermani_scaffold_5010","ShortStack","mature_miRNA",12392,12413,"+","ID=Cluster_16348.mature;Parent=Cluster_16348","Porites_evermani_scaffold_5010","Gmove","mRNA",9378,18423,"+","ID=Peve_00033704;Name=Peve_00033704;start=1;stop=0;cds_size=2103","Cluster_16348",21,"Porites_evermani_scaffold_5010:12339-12433","Porites_evermani_scaffold_5010",12339,12433,95,2367,136,0.9949302915," + ","UUAUAUUAUAGACUUUCCUUGU",733,599,1,589,995,138,45,"N","Y",NA,"peve-mir-novel-38",NA,NA
"32","Porites_evermani_scaffold_502","ShortStack","mature_miRNA",58997,59018,"-","ID=Cluster_6211.mature;Parent=Cluster_6211","Porites_evermani_scaffold_502","Gmove","mRNA",44703,87413,"-","ID=Peve_00033721;Name=Peve_00033721;start=1;stop=0;cds_size=27579","Cluster_6211",21,"Porites_evermani_scaffold_502:58948-59038","Porites_evermani_scaffold_502",58948,59038,91,554,39,0,"-","UAGCAUAACAUUGUAAG",345,391,2,16,42,103,0,"N","Y","ami-nve-F-miR-2030-5p_Acropora_millepora_Praher_et_al._2021_NA;Adi-Mir-2030_5p_Acropora_digitifera_Gajigan_&_Conaco_2017_nve-miR-2030-5p;_nve-miR-2030-5p;_spi-miR-temp-40;adi-nve-F-miR-2030_Acropora_digitifera__Praher_et_al._2021_NA;spi-mir-temp-40_Stylophora_pistillata_Liew_et_al._2014_Close_match_of_nve-miR-2030;eca-nve-F-miR-2030_Edwardsiella_carnea_Praher_et_al._2021_Transcriptome-level;miR-2030_Nematostella_vectensis_Moran_et_al._2014_NA","peve-mir-2030","apul-mir-2030",NA
"33","Porites_evermani_scaffold_590","ShortStack","mature_miRNA",199158,199179,"+","ID=Cluster_6865.mature;Parent=Cluster_6865","Porites_evermani_scaffold_590","Gmove","mRNA",184464,225363,"+","ID=Peve_00036728;Name=Peve_00036728;start=1;stop=1;cds_size=3369","Cluster_6865",21,"Porites_evermani_scaffold_590:199106-199199","Porites_evermani_scaffold_590",199106,199199,94,2922,132,1," + ","UCACGAAUGGCUAGCGCACGAUU",955,684,18,127,957,1120,16,"N","Y",NA,"peve-mir-novel-14a",NA,"Same sequence as apul-mir-novel-14b"
"34","Porites_evermani_scaffold_590","ShortStack","mature_miRNA",199392,199413,"+","ID=Cluster_6866.mature;Parent=Cluster_6866","Porites_evermani_scaffold_590","Gmove","mRNA",184464,225363,"+","ID=Peve_00036728;Name=Peve_00036728;start=1;stop=1;cds_size=3369","Cluster_6866",21,"Porites_evermani_scaffold_590:199370-199465","Porites_evermani_scaffold_590",199370,199465,96,1392,86,1," + ","UCACGAAUGGCUAGCGCACGAUU",463,338,0,74,279,642,59,"N","Y",NA,"peve-mir-novel-14b",NA,"Same sequence as apul-mir-novel-14a"
"35","Porites_evermani_scaffold_590","ShortStack","mature_miRNA",199855,199876,"+","ID=Cluster_6867.mature;Parent=Cluster_6867","Porites_evermani_scaffold_590","Gmove","mRNA",184464,225363,"+","ID=Peve_00036728;Name=Peve_00036728;start=1;stop=1;cds_size=3369","Cluster_6867",21,"Porites_evermani_scaffold_590:199803-199896","Porites_evermani_scaffold_590",199803,199896,94,2865,134,1," + ","UCACGAAUGGCUAGUGCACGAUU",1102,489,1,213,822,1309,31,"23","Y",NA,"peve-mir-novel-15",NA,NA
"36","Porites_evermani_scaffold_594","ShortStack","mature_miRNA",158230,158250,"+","ID=Cluster_6875.mature;Parent=Cluster_6875","Porites_evermani_scaffold_594","Gmove","mRNA",161745,164620,"+","ID=Peve_00036810;Name=Peve_00036810;start=1;stop=1;cds_size=1287","Cluster_6875",-3495,"Porites_evermani_scaffold_594:158176-158270","Porites_evermani_scaffold_594",158176,158270,95,44621,367,1," + ","AAAGAAGUACAAGUGGUAGGG",12472,24242,0,16334,3821,216,8,"N","Y","nve-miR-2023-3p;spi-mir-temp-4_Stylophora_pistillata_Liew_et_al._2014_Exact_match_of_nve-miR-2023.;apa-mir-2023_Exaiptasia_pallida_Baumgarten_et_al._2017_miR-2023;_Nve;_Spis;_Adi;mse-nve-F-miR-2023_Metridium_senile_Praher_et_al._2021_Transcriptome-level;sca-nve-miR-2023-3p_Scolanthus_callimorphus_Praher_et_al._2021_Transcriptome-level;eca-nve-F-miR-2023_Edwardsiella_carnea_Praher_et_al._2021_Transcriptome-level;ami-nve-F-miR-2023-3p_Acropora_millepora_Praher_et_al._2021_NA;Adi-Mir-2023_3p_Acropora_digitifera_Gajigan_&_Conaco_2017_nve-miR-2023-3p;_nve-miR-2023-3p;_spi-miR-temp-4;epa-nve-F-miR-2023_Exaiptasia_pallida_Praher_et_al._2021_NA;miR-2023_Nematostella_vectensis_Moran_et_al._2014_NA;spi-nve-F-miR-2023_Stylophora_pistillata_Praher_et_al._2021_NA;avi-miR-temp-2023_Anemonia_viridis_Urbarova_et_al._2018_NA","peve-mir-2023","apul-mir-2023; ptuh-mir-2023",NA
"37","Porites_evermani_scaffold_613","ShortStack","mature_miRNA",156505,156526,"+","ID=Cluster_7013.mature;Parent=Cluster_7013","Porites_evermani_scaffold_613","Gmove","mRNA",139963,179514,"+","ID=Peve_00037424;Name=Peve_00037424;start=1;stop=1;cds_size=2475","Cluster_7013",21,"Porites_evermani_scaffold_613:156453-156546","Porites_evermani_scaffold_613",156453,156546,94,5980,96,1," + ","UUCCUAAGUUGUUGUAGCUGUU",3276,662,19,447,4484,368,0,"22","Y",NA,"peve-mir-novel-16",NA,NA
"38","Porites_evermani_scaffold_730","ShortStack","mature_miRNA",81385,81406,"-","ID=Cluster_7604.mature;Parent=Cluster_7604","Porites_evermani_scaffold_730","Gmove","mRNA",55177,87219,"-","ID=Peve_00040305;Name=Peve_00040305;start=1;stop=1;cds_size=852","Cluster_7604",21,"Porites_evermani_scaffold_730:81363-81456","Porites_evermani_scaffold_730",81363,81456,94,2896,177,0,"-","UGUUAGUUUACAGUUAGUGUUU",642,421,149,669,746,582,329,"22","Y",NA,"peve-mir-novel-17a",NA,"Same sequence as apul-mir-novel-17b"
"39","Porites_evermani_scaffold_730","ShortStack","mature_miRNA",82423,82444,"-","ID=Cluster_7605.mature;Parent=Cluster_7605","Porites_evermani_scaffold_730","Gmove","mRNA",55177,87219,"-","ID=Peve_00040305;Name=Peve_00040305;start=1;stop=1;cds_size=852","Cluster_7605",21,"Porites_evermani_scaffold_730:82401-82494","Porites_evermani_scaffold_730",82401,82494,94,1393,116,0.001435750179,"-","UGUUAGUUUACAGUUAGUGUUU",306,177,43,375,361,298,139,"21","Y",NA,"peve-mir-novel-17b",NA,"Same sequence as apul-mir-novel-17a"
"40","Porites_evermani_scaffold_768","ShortStack","mature_miRNA",138025,138046,"+","ID=Cluster_7804.mature;Parent=Cluster_7804","Porites_evermani_scaffold_768","Gmove","mRNA",126104,141725,"+","ID=Peve_00041010;Name=Peve_00041010;start=1;stop=1;cds_size=2961","Cluster_7804",21,"Porites_evermani_scaffold_768:137973-138066","Porites_evermani_scaffold_768",137973,138066,94,353,48,1," + ","UUUUUCGUGUGCUUAUGCUUAU",115,80,0,14,214,37,8,"N","Y",NA,"peve-mir-novel-18",NA,NA
"41","Porites_evermani_scaffold_866","ShortStack","mature_miRNA",22854,22875,"-","ID=Cluster_8571.mature;Parent=Cluster_8571","Porites_evermani_scaffold_866","Gmove","mRNA",26080,43061,"-","ID=Peve_00043069;Name=Peve_00043069;start=1;stop=1;cds_size=1710","Cluster_8571",-3205,"Porites_evermani_scaffold_866:22803-22895","Porites_evermani_scaffold_866",22803,22895,93,405,47,0,"-","UAUUUCAAACGUCGCGUAACCU",199,79,6,27,251,37,5,"N","Y",NA,"peve-mir-novel-19",NA,NA
"42","Porites_evermani_scaffold_910","ShortStack","mature_miRNA",99255,99275,"+","ID=Cluster_8824.mature;Parent=Cluster_8824","Porites_evermani_scaffold_910","Gmove","mRNA",95901,101109,"+","ID=Peve_00043933;Name=Peve_00043933;start=1;stop=1;cds_size=573","Cluster_8824",20,"Porites_evermani_scaffold_910:99233-99322","Porites_evermani_scaffold_910",99233,99322,90,35774,360,0.975904288," + ","CAAUGUUUCGGCUUGUUCCCA",13239,18118,120,16643,692,172,29,"N","Y","adi-miR-P-novel-6-3p_Acropora_digitifera__Praher_et_al._2021_NA","peve-mir-novel-20","ptuh-mir-novel-20",NA
"43","Porites_evermani_scaffold_910","ShortStack","mature_miRNA",118742,118762,"+","ID=Cluster_8827.mature;Parent=Cluster_8827","Porites_evermani_scaffold_910","Gmove","mRNA",113434,118060,"+","ID=Peve_00043934;Name=Peve_00043934;start=1;stop=0;cds_size=360","Cluster_8827",-682,"Porites_evermani_scaffold_910:118720-118809","Porites_evermani_scaffold_910",118720,118809,90,67602,203,0.9438774001," + ","CAAUGUUUCGGCUUGUUCCCG",59939,3630,66,62975,410,506,15,"21","Y","adi-miR-P-novel-6-3p_Acropora_digitifera__Praher_et_al._2021_NA;spi-mir-temp-14_Stylophora_pistillata_Liew_et_al._2014_NA;ami-spi-miR-L-temp-14-5p_Acropora_millepora_Praher_et_al._2021_NA","peve-mir-novel-21",NA,NA
"44","Porites_evermani_scaffold_910","ShortStack","mature_miRNA",139353,139373,"+","ID=Cluster_8828.mature;Parent=Cluster_8828","Porites_evermani_scaffold_910","Gmove","mRNA",137148,137456,"+","ID=Peve_00043937;Name=Peve_00043937;start=1;stop=1;cds_size=309","Cluster_8828",-1897,"Porites_evermani_scaffold_910:139331-139420","Porites_evermani_scaffold_910",139331,139420,90,21095,215,0.977340602," + ","AAAUGUUUCGGCUUGUUCCC",9491,19225,4,1689,108,57,12,"N","Y","ami-spi-miR-L-temp-14-5p_Acropora_millepora_Praher_et_al._2021_NA","peve-mir-novel-22",NA,NA
"45","Porites_evermani_scaffold_942","ShortStack","mature_miRNA",133698,133719,"+","ID=Cluster_8920.mature;Parent=Cluster_8920","Porites_evermani_scaffold_942","Gmove","mRNA",134553,135350,"+","ID=Peve_00044464;Name=Peve_00044464;start=1;stop=1;cds_size=183","Cluster_8920",-834,"Porites_evermani_scaffold_942:133648-133739","Porites_evermani_scaffold_942",133648,133739,92,32178,505,1," + ","UAGGUAACUCUGUUAGUUUGUUU",8153,7670,302,3095,5335,10466,5310,"N","Y",NA,"peve-mir-novel-23",NA,NA
"46","Porites_evermani_scaffold_984","ShortStack","mature_miRNA",51883,51904,"-","ID=Cluster_9077.mature;Parent=Cluster_9077","Porites_evermani_scaffold_984","Gmove","mRNA",55026,58291,"-","ID=Peve_00045107;Name=Peve_00045107;start=1;stop=1;cds_size=867","Cluster_9077",-3122,"Porites_evermani_scaffold_984:51832-51924","Porites_evermani_scaffold_984",51832,51924,93,191,25,0,"-","UCUGAGCCUGUAGCCCAUUU",45,59,28,7,57,34,6,"N","Y",NA,"peve-mir-novel-24",NA,NA
